Workbook

Sheet TermCOMP
B1: Benchmarks | C1: VBS | D1: Athena timout: 900s semantic-augmentor-mode=none type-annotator-mode=none signedness-info=none unreachable-exit=true muval-mode=TermCOMP | F1: PROTON | H1: AProVE | J1: UAutomizer | L1: CPAchecker | N1: 2LS | P1: MuVal
A2: AProVE_memory_alloca | B2: svcomp_a.01-alloca.c | C2: YES | D2: YES | E2: 1941 | F2: TRUE | G2: 183420 | H2: YES | I2: 70581 | J2: ERROR | K2: 13561 | L2: UNKNOWN | M2: 9285 | N2: error | O2: 280 | P2: NO | Q2: 947 | R2: Pointer
B3: svcomp_a.04-alloca.c | C3: YES | D3: YES | E3: 441 | F3: TRUE | G3: 64225 | H3: YES | I3: 6584 | J3: TRUE | K3: 4165 | L3: UNKNOWN | M3: 8070 | N3: error | O3: 292 | P3: NO | Q3: 708 | R3: Pointer
B4: svcomp_a.05-alloca.c | C4: YES | D4: YES | E4: 403 | F4: TRUE | G4: 59158 | H4: YES | I4: 6566 | J4: TRUE | K4: 3968 | L4: UNKNOWN | M4: 8084 | N4: error | O4: 282 | P4: NO | Q4: 858 | R4: Pointer
B5: svcomp_a.06-alloca.c | C5: YES | D5: YES | E5: 418 | F5: TRUE | G5: 66098 | H5: YES | I5: 9094 | J5: TRUE | K5: 4975 | L5: UNKNOWN | M5: 9596 | N5: error | O5: 265 | P5: NO | Q5: 812 | R5: Pointer
B6: svcomp_a.07-alloca.c | C6: YES | D6: YES | E6: 439 | F6: TRUE | G6: 61116 | H6: YES | I6: 9095 | J6: TRUE | K6: 5063 | L6: UNKNOWN | M6: 9690 | N6: error | O6: 271 | P6: NO | Q6: 855 | R6: Pointer
B7: svcomp_a.08-alloca.c | C7: YES | D7: YES | E7: 442 | F7: TRUE | G7: 65696 | H7: YES | I7: 7122 | J7: TRUE | K7: 4288 | L7: UNKNOWN | M7: 8207 | N7: error | O7: 276 | P7: NO | Q7: 663 | R7: Pointer
B8: svcomp_a.09_assume-alloca.c | C8: YES | D8: YES | E8: 430 | F8: FALSE | G8: 4657 | H8: YES | I8: 6888 | J8: TRUE | K8: 4536 | L8: UNKNOWN | M8: 8313 | N8: error | O8: 265 | P8: NO | Q8: 760 | R8: Pointer
B9: svcomp_a.10-alloca.c | C9: YES | D9: YES | E9: 1452 | F9: TRUE | G9: 88589 | H9: TIMEOUT | I9: 900144 | J9: ERROR | K9: 9694 | L9: UNKNOWN | M9: 8117 | N9: error | O9: 250 | P9: NO | Q9: 784 | R9: Pointer
B10: svcomp_add_last_alloca.c | C10: YES | D10: YES | E10: 1334 | F10: FALSE | G10: 2159 | H10: MAYBE | I10: 4343 | J10: TRUE | K10: 3205 | L10: UNKNOWN | M10: 6461 | N10: error | O10: 262 | P10: ERROR | Q10: 394 | R10: Pointer
B11: svcomp_array01_alloca.c | C11: YES | D11: YES | E11: 1258 | F11: INCONCLUSIVE | G11: 301865 | H11: YES | I11: 24325 | J11: TRUE | K11: 4926 | L11: UNKNOWN | M11: 7013 | N11: error | O11: 270 | P11: NO | Q11: 1012 | R11: Pointer
B12: svcomp_array02_alloca.c | C12: YES | D12: YES | E12: 181212 | F12: INCONCLUSIVE | G12: 301920 | H12: YES | I12: 79838 | J12: TRUE | K12: 6887 | L12: UNKNOWN | M12: 7539 | N12: error | O12: 298 | P12: NO | Q12: 1304 | R12: Pointer
B13: svcomp_array03_alloca.c | C13: YES | D13: YES | E13: 1899 | F13: INCONCLUSIVE | G13: 121906 | H13: TIMEOUT | I13: 910026 | J13: TRUE | K13: 8101 | L13: UNKNOWN | M13: 7030 | N13: error | O13: 288 | P13: NO | Q13: 1478 | R13: Pointer
B14: svcomp_Avery-2006FLOPS-Tabel1_true-alloca.c | C14: YES | D14: YES | E14: 440 | F14: TRUE | G14: 182879 | H14: YES | I14: 12540 | J14: TRUE | K14: 7785 | L14: UNKNOWN | M14: 10179 | N14: error | O14: 264 | P14: NO | Q14: 975 | R14: Pointer
B15: svcomp_aviad_true-alloca.c | C15: YES | D15: YES | E15: 417 | F15: TRUE | G15: 84440 | H15: TIMEOUT | I15: 910041 | J15: ERROR | K15: 18071 | L15: UNKNOWN | M15: 9595 | N15: error | O15: 272 | P15: NO | Q15: 1051 | R15: Pointer
B16: svcomp_b.01-alloca.c | C16: YES | D16: YES | E16: 436 | F16: TRUE | G16: 63536 | H16: YES | I16: 7832 | J16: TRUE | K16: 4138 | L16: UNKNOWN | M16: 8117 | N16: error | O16: 262 | P16: NO | Q16: 790 | R16: Pointer
B17: svcomp_b.02-alloca.c | C17: YES | D17: YES | E17: 443 | F17: TRUE | G17: 60030 | H17: YES | I17: 7283 | J17: TRUE | K17: 4191 | L17: UNKNOWN | M17: 8096 | N17: error | O17: 272 | P17: NO | Q17: 794 | R17: Pointer
B18: svcomp_b.03_assume-alloca.c | C18: YES | D18: YES | E18: 420 | F18: TRUE | G18: 183326 | H18: YES | I18: 6628 | J18: TRUE | K18: 3673 | L18: UNKNOWN | M18: 7301 | N18: error | O18: 274 | P18: NO | Q18: 899 | R18: Pointer
B19: svcomp_b.03-no-inv_assume-alloca.c | C19: YES | D19: YES | E19: 421 | F19: TRUE | G19: 183265 | H19: YES | I19: 6760 | J19: TRUE | K19: 3655 | L19: UNKNOWN | M19: 7311 | N19: error | O19: 273 | P19: NO | Q19: 707 | R19: Pointer
B20: svcomp_b.04-alloca.c | C20: YES | D20: YES | E20: 432 | F20: TRUE | G20: 65158 | H20: YES | I20: 3375 | J20: TRUE | K20: 4134 | L20: UNKNOWN | M20: 8215 | N20: error | O20: 289 | P20: NO | Q20: 698 | R20: Pointer
B21: svcomp_b.05-alloca.c | C21: YES | D21: YES | E21: 522 | F21: TRUE | G21: 182563 | H21: YES | I21: 6132 | J21: TRUE | K21: 3678 | L21: UNKNOWN | M21: 7328 | N21: error | O21: 286 | P21: ERROR | Q21: 450 | R21: Pointer
B22: svcomp_b.06-alloca.c | C22: YES | D22: YES | E22: 424 | F22: TRUE | G22: 63066 | H22: YES | I22: 8555 | J22: TRUE | K22: 3983 | L22: UNKNOWN | M22: 8153 | N22: error | O22: 269 | P22: NO | Q22: 864 | R22: Pointer
B23: svcomp_b.07-alloca.c | C23: YES | D23: YES | E23: 426 | F23: TRUE | G23: 60177 | H23: YES | I23: 9461 | J23: TRUE | K23: 4838 | L23: UNKNOWN | M23: 9425 | N23: error | O23: 279 | P23: NO | Q23: 824 | R23: Pointer
B24: svcomp_b.09_assume-alloca.c | C24: YES | D24: YES | E24: 443 | F24: TRUE | G24: 182551 | H24: YES | I24: 10717 | J24: TRUE | K24: 21329 | L24: UNKNOWN | M24: 8394 | N24: error | O24: 296 | P24: NO | Q24: 1082 | R24: Pointer
B25: svcomp_b.09-no-inv_assume-alloca.c | C25: YES | D25: YES | E25: 751 | F25: TRUE | G25: 79655 | H25: YES | I25: 10921 | J25: UNKNOWN | K25: 27786 | L25: UNKNOWN | M25: 8582 | N25: error | O25: 279 | P25: NO | Q25: 1085 | R25: Pointer
B26: svcomp_b.10-alloca.c | C26: YES | D26: YES | E26: 411 | F26: TRUE | G26: 110583 | H26: YES | I26: 12585 | J26: TRUE | K26: 5978 | L26: UNKNOWN | M26: 8221 | N26: error | O26: 275 | P26: NO | Q26: 800 | R26: Pointer
B27: svcomp_b.11-alloca.c | C27: YES | D27: YES | E27: 403 | F27: TRUE | G27: 112376 | H27: TIMEOUT | I27: 900153 | J27: ERROR | K27: 9532 | L27: UNKNOWN | M27: 8251 | N27: error | O27: 266 | P27: NO | Q27: 989 | R27: Pointer
B28: svcomp_b.12-alloca.c | C28: YES | D28: YES | E28: 694 | F28: TRUE | G28: 109403 | H28: YES | I28: 11005 | J28: TRUE | K28: 6893 | L28: UNKNOWN | M28: 8122 | N28: error | O28: 264 | P28: NO | Q28: 6693 | R28: Pointer
B29: svcomp_b.13-alloca.c | C29: YES | D29: YES | E29: 7215 | F29: TRUE | G29: 93045 | H29: YES | I29: 22322 | J29: ERROR | K29: 33383 | L29: UNKNOWN | M29: 9436 | N29: error | O29: 270 | P29: NO | Q29: 42146 | R29: Pointer
B30: svcomp_b.14-alloca.c | C30: YES | D30: YES | E30: 1192 | F30: TRUE | G30: 183496 | H30: YES | I30: 7536 | J30: TRUE | K30: 9009 | L30: UNKNOWN | M30: 9504 | N30: error | O30: 261 | P30: NO | Q30: 785 | R30: Pointer
B31: svcomp_b.15-alloca.c | C31: YES | D31: YES | E31: 1649 | F31: TRUE | G31: 184414 | H31: YES | I31: 8312 | J31: ERROR | K31: 112373 | L31: UNKNOWN | M31: 11864 | N31: error | O31: 270 | P31: NO | Q31: 915 | R31: Pointer
B32: svcomp_b.16-alloca.c | C32: YES | D32: YES | E32: 2714 | F32: TRUE | G32: 183181 | H32: YES | I32: 10575 | J32: TRUE | K32: 7153 | L32: UNKNOWN | M32: 9276 | N32: error | O32: 270 | P32: NO | Q32: 732 | R32: Pointer
B33: svcomp_b.17-alloca.c | C33: YES | D33: YES | E33: 7261 | F33: TRUE | G33: 184569 | H33: ERROR | I33: 71562 | J33: ERROR | K33: 11355 | L33: UNKNOWN | M33: 11410 | N33: error | O33: 268 | P33: NO | Q33: 1039 | R33: Pointer
B34: svcomp_b.18-alloca.c | C34: YES | D34: TIMEOUT | E34: 900709 | F34: TRUE | G34: 182735 | H34: YES | I34: 6353 | J34: TRUE | K34: 8712 | L34: UNKNOWN | M34: 8734 | N34: error | O34: 263 | P34: ERROR | Q34: 661 | R34: Pointer
B35: svcomp_Ben-Amram-2010LMCS-Ex2.3_true-alloca.c | C35: YES | D35: YES | E35: 1390 | F35: TRUE | G35: 183396 | H35: YES | I35: 9711 | J35: TRUE | K35: 11148 | L35: UNKNOWN | M35: 8024 | N35: error | O35: 271 | P35: NO | Q35: 922 | R35: Pointer
B36: svcomp_BradleyMannaSipma-2005CAV-Fig1_true-alloca.c | C36: YES | D36: TIMEOUT | E36: 900432 | F36: TRUE | G36: 183549 | H36: TIMEOUT | I36: 910031 | J36: TRUE | K36: 4796 | L36: UNKNOWN | M36: 8483 | N36: error | O36: 299 | P36: NO | Q36: 1436 | R36: Pointer
B37: svcomp_BradleyMannaSipma-2005CAV-Fig1-modified_false-termination.c | C37: NO | D37: NO | E37: 520 | F37: INCONCLUSIVE | G37: 121817 | H37: MAYBE | I37: 74882 | J37: FALSE | K37: 2955 | L37: UNKNOWN | M37: 7508 | N37: error | O37: 279 | P37: NO | Q37: 951 | R37: Pointer
B38: svcomp_BradleyMannaSipma-2005ICALP-Fig1_true-alloca.c | C38: NO | D38: NO | E38: 416 | F38: FALSE | G38: 2233 | H38: MAYBE | I38: 14752 | J38: FALSE | K38: 2720 | L38: UNKNOWN | M38: 7304 | N38: error | O38: 284 | P38: NO | Q38: 1061 | R38: Pointer
B39: svcomp_BrockschmidtCookFuhs-2013CAV-Fig1_true-alloca.c | C39: YES | D39: YES | E39: 1456 | F39: INCONCLUSIVE | G39: 302146 | H39: YES | I39: 10597 | J39: ERROR | K39: 8370 | L39: UNKNOWN | M39: 8728 | N39: error | O39: 273 | P39: NO | Q39: 997 | R39: Pointer
B40: svcomp_BrockschmidtCookFuhs-2013CAV-Introduction_true-alloca.c | C40: YES | D40: YES | E40: 643 | F40: INCONCLUSIVE | G40: 175113 | H40: YES | I40: 5772 | J40: TRUE | K40: 3560 | L40: UNKNOWN | M40: 6885 | N40: error | O40: 263 | P40: NO | Q40: 734 | R40: Pointer
B41: svcomp_bubblesort_alloca.c | C41: YES | D41: YES | E41: 632 | F41: TRUE | G41: 181790 | H41: MAYBE | I41: 46741 | J41: TRUE | K41: 6438 | L41: ERROR | M41: 8959 | N41: error | O41: 266 | P41: YES | Q41: 18641 | R41: Pointer
B42: svcomp_c.01_assume-alloca.c | C42: YES | D42: YES | E42: 1120 | F42: TRUE | G42: 182677 | H42: YES | I42: 10447 | J42: TRUE | K42: 8878 | L42: UNKNOWN | M42: 7293 | N42: error | O42: 291 | P42: NO | Q42: 1361 | R42: Pointer
B43: svcomp_c.01-no-inv-alloca.c | C43: YES | D43: YES | E43: 2867 | F43: TRUE | G43: 183317 | H43: YES | I43: 11830 | J43: UNKNOWN | K43: 900278 | L43: UNKNOWN | M43: 9157 | N43: error | O43: 276 | P43: NO | Q43: 1128 | R43: Pointer
B44: svcomp_c.02-alloca.c | C44: YES | D44: YES | E44: 1539 | F44: TRUE | G44: 183459 | H44: YES | I44: 12338 | J44: ERROR | K44: 11756 | L44: UNKNOWN | M44: 9127 | N44: error | O44: 291 | P44: NO | Q44: 832 | R44: Pointer
B45: svcomp_c.03-alloca.c | C45: YES | D45: YES | E45: 1348 | F45: TRUE | G45: 99566 | H45: YES | I45: 13585 | J45: ERROR | K45: 17739 | L45: UNKNOWN | M45: 9594 | N45: error | O45: 296 | P45: NO | Q45: 772 | R45: Pointer
B46: svcomp_c.07-alloca.c | C46: YES | D46: TIMEOUT | E46: 900350 | F46: TRUE | G46: 76391 | H46: YES | I46: 11651 | J46: TRUE | K46: 7042 | L46: UNKNOWN | M46: 12357 | N46: error | O46: 271 | P46: NO | Q46: 934 | R46: Pointer
B47: svcomp_c.08-alloca.c | C47: YES | D47: YES | E47: 1614 | F47: TRUE | G47: 183290 | H47: YES | I47: 11535 | J47: ERROR | K47: 48680 | L47: UNKNOWN | M47: 9147 | N47: error | O47: 264 | P47: NO | Q47: 1060 | R47: Pointer
B48: svcomp_ChenFlurMukhopadhyay-2012SAS-Fig1_true-alloca.c | C48: YES | D48: TIMEOUT | E48: 900413 | F48: TRUE | G48: 184266 | H48: YES | I48: 6792 | J48: TRUE | K48: 4747 | L48: UNKNOWN | M48: 8023 | N48: error | O48: 282 | P48: NO | Q48: 839 | R48: Pointer
B49: svcomp_CookSeeZuleger-2013TACAS-Fig3_true-alloca.c | C49: YES | D49: YES | E49: 844 | F49: INCONCLUSIVE | G49: 302086 | H49: YES | I49: 9446 | J49: TRUE | K49: 6826 | L49: UNKNOWN | M49: 7044 | N49: error | O49: 270 | P49: NO | Q49: 733 | R49: Pointer
B50: svcomp_CookSeeZuleger-2013TACAS-Fig7a_true-alloca.c | C50: YES | D50: YES | E50: 618 | F50: INCONCLUSIVE | G50: 303697 | H50: YES | I50: 11388 | J50: TRUE | K50: 17138 | L50: UNKNOWN | M50: 7667 | N50: error | O50: 276 | P50: NO | Q50: 806 | R50: Pointer
B51: svcomp_CookSeeZuleger-2013TACAS-Fig7b_true-alloca.c | C51: YES | D51: YES | E51: 745416 | F51: INCONCLUSIVE | G51: 302080 | H51: TIMEOUT | I51: 900544 | J51: ERROR | K51: 34929 | L51: UNKNOWN | M51: 7624 | N51: error | O51: 257 | P51: NO | Q51: 766 | R51: Pointer
B52: svcomp_count_down_alloca.c | C52: YES | D52: YES | E52: 1271 | F52: TRUE | G52: 182785 | H52: YES | I52: 192696 | J52: UNKNOWN | K52: 900310 | L52: UNKNOWN | M52: 8145 | N52: error | O52: 274 | P52: ERROR | Q52: 466 | R52: Pointer
B53: svcomp_cstrcat_alloca.c | C53: YES | D53: TIMEOUT | E53: 900376 | F53: TRUE | G53: 135736 | H53: MAYBE | I53: 5409 | J53: TRUE | K53: 4374 | L53: UNKNOWN | M53: 8480 | N53: error | O53: 277 | P53: NO | Q53: 826 | R53: Pointer
B54: svcomp_cstrchr_true_alloca.c | C54: YES | D54: TIMEOUT | E54: 900396 | F54: TRUE | G54: 38135 | H54: YES | I54: 7683 | J54: TRUE | K54: 3840 | L54: UNKNOWN | M54: 6533 | N54: error | O54: 261 | P54: NO | Q54: 771 | R54: Pointer
B55: svcomp_cstrcmp_true_alloca.c | C55: YES | D55: TIMEOUT | E55: 900488 | F55: TRUE | G55: 43427 | H55: YES | I55: 10123 | J55: TRUE | K55: 4137 | L55: UNKNOWN | M55: 7437 | N55: error | O55: 279 | P55: NO | Q55: 853 | R55: Pointer
B56: svcomp_cstrcpy_alloca.c | C56: YES | D56: TIMEOUT | E56: 900415 | F56: TRUE | G56: 88541 | H56: YES | I56: 45994 | J56: TRUE | K56: 4031 | L56: UNKNOWN | M56: 7379 | N56: error | O56: 272 | P56: NO | Q56: 1071 | R56: Pointer
B57: svcomp_cstrcspn_true_alloca.c | C57: YES | D57: TIMEOUT | E57: 900723 | F57: TRUE | G57: 183443 | H57: YES | I57: 38845 | J57: TRUE | K57: 10260 | L57: UNKNOWN | M57: 8533 | N57: error | O57: 271 | P57: NO | Q57: 1458 | R57: Pointer
B58: svcomp_cstrlen_true_alloca.c | C58: YES | D58: TIMEOUT | E58: 900839 | F58: TRUE | G58: 49233 | H58: YES | I58: 6506 | J58: TRUE | K58: 3333 | L58: UNKNOWN | M58: 6413 | N58: error | O58: 262 | P58: NO | Q58: 967 | R58: Pointer
B59: svcomp_cstrncat_alloca.c | C59: YES | D59: ERROR | E59: 386 | F59: TRUE | G59: 183581 | H59: MAYBE | I59: 5009 | J59: TRUE | K59: 3886 | L59: UNKNOWN | M59: 8460 | N59: error | O59: 274 | P59: ERROR | Q59: 515 | R59: Pointer | T59: llvm2KITTeL
B60: svcomp_cstrncmp_true_alloca.c | C60: YES | D60: YES | E60: 574 | F60: TRUE | G60: 182799 | H60: YES | I60: 12630 | J60: TRUE | K60: 4145 | L60: UNKNOWN | M60: 7902 | N60: error | O60: 246 | P60: YES | Q60: 938 | R60: Pointer
B61: svcomp_cstrncpy_alloca.c | C61: YES | D61: YES | E61: 570 | F61: TRUE | G61: 183583 | H61: YES | I61: 25617 | J61: TRUE | K61: 6296 | L61: UNKNOWN | M61: 8606 | N61: error | O61: 256 | P61: YES | Q61: 973 | R61: Pointer
B62: svcomp_cstrpbrk_true_alloca.c | C62: YES | D62: TIMEOUT | E62: 900408 | F62: TRUE | G62: 183319 | H62: YES | I62: 24517 | J62: TRUE | K62: 9519 | L62: UNKNOWN | M62: 8434 | N62: error | O62: 268 | P62: NO | Q62: 1018 | R62: Pointer
B63: svcomp_cstrspn_true_alloca.c | C63: YES | D63: TIMEOUT | E63: 900478 | F63: TRUE | G63: 183176 | H63: YES | I63: 25130 | J63: TRUE | K63: 9587 | L63: UNKNOWN | M63: 8468 | N63: error | O63: 278 | P63: NO | Q63: 1134 | R63: Pointer
B64: svcomp_diff_alloca.c | C64: YES | D64: YES | E64: 97235 | F64: TRUE | G64: 182870 | H64: MAYBE | I64: 25045 | J64: TRUE | K64: 14702 | L64: UNKNOWN | M64: 9611 | N64: error | O64: 273 | P64: ERROR | Q64: 1471 | R64: Pointer
B65: svcomp_easySum-alloca.c | C65: YES | D65: YES | E65: 610 | F65: TRUE | G65: 48569 | H65: YES | I65: 26407 | J65: TRUE | K65: 4041 | L65: UNKNOWN | M65: 8173 | N65: error | O65: 279 | P65: NO | Q65: 802 | R65: Pointer
B66: svcomp_ex1-alloca.c | C66: YES | D66: YES | E66: 411 | F66: TRUE | G66: 182638 | H66: ERROR | I66: 6076 | J66: TRUE | K66: 4650 | L66: UNKNOWN | M66: 8224 | N66: error | O66: 253 | P66: NO | Q66: 793 | R66: Pointer
B67: svcomp_ex2-alloca.c | C67: YES | D67: YES | E67: 19914 | F67: TRUE | G67: 113291 | H67: TIMEOUT | I67: 910029 | J67: UNKNOWN | K67: 49711 | L67: UNKNOWN | M67: 12575 | N67: error | O67: 253 | P67: NO | Q67: 663 | R67: Pointer
B68: svcomp_ex3a-alloca.c | C68: YES | D68: YES | E68: 585 | F68: TRUE | G68: 184994 | H68: YES | I68: 6808 | J68: UNKNOWN | K68: 19016 | L68: UNKNOWN | M68: 7280 | N68: error | O68: 268 | P68: NO | Q68: 743 | R68: Pointer
B69: svcomp_ex3b-alloca.c | C69: YES | D69: YES | E69: 441 | F69: TRUE | G69: 185033 | H69: YES | I69: 7783 | J69: UNKNOWN | K69: 74665 | L69: UNKNOWN | M69: 8214 | N69: error | O69: 254 | P69: NO | Q69: 862 | R69: Pointer
B70: svcomp_fermat-alloca.c | C70: YES | D70: TIMEOUT | E70: 900360 | F70: INCONCLUSIVE | G70: 133110 | H70: YES | I70: 49177 | J70: UNKNOWN | K70: 900307 | L70: UNKNOWN | M70: 901152 | N70: error | O70: 267 | P70: NO | Q70: 1102 | R70: Pointer
B71: svcomp_flag-alloca.c | C71: YES | D71: YES | E71: 2125 | F71: TRUE | G71: 3758 | H71: YES | I71: 8480 | J71: TRUE | K71: 7526 | L71: UNKNOWN | M71: 9604 | N71: error | O71: 266 | P71: NO | Q71: 946 | R71: Pointer
B72: svcomp_gcd1_true-alloca.c | C72: YES | D72: YES | E72: 8364 | F72: TRUE | G72: 182995 | H72: YES | I72: 88725 | J72: TRUE | K72: 12402 | L72: UNKNOWN | M72: 9394 | N72: error | O72: 251 | P72: NO | Q72: 863 | R72: Pointer
B73: svcomp_genady_true-alloca.c | C73: YES | D73: YES | E73: 1722 | F73: TRUE | G73: 16318 | H73: YES | I73: 9562 | J73: TRUE | K73: 3618 | L73: UNKNOWN | M73: 7017 | N73: error | O73: 275 | P73: NO | Q73: 776 | R73: Pointer
B74: svcomp_GulwaniJainKoskinen-2009PLDI-Fig1_true-alloca.c | C74: YES | D74: TIMEOUT | E74: 901154 | F74: TRUE | G74: 182541 | H74: YES | I74: 7997 | J74: UNKNOWN | K74: 900339 | L74: UNKNOWN | M74: 8177 | N74: error | O74: 270 | P74: NO | Q74: 1020 | R74: Pointer
B75: svcomp_HarrisLalNoriRajamani-2010SAS-Fig1_true-alloca.c | C75: YES | D75: YES | E75: 5978 | F75: TRUE | G75: 2251 | H75: YES | I75: 4304 | J75: UNKNOWN | K75: 900312 | L75: UNKNOWN | M75: 5418 | N75: error | O75: 268 | P75: NO | Q75: 1238 | R75: Pointer
B76: svcomp_HarrisLalNoriRajamani-2010SAS-Fig2_false-unreach-label-termination-alloca.c | C76: NO | D76: NO | E76: 10971 | F76: FALSE | G76: 2196 | H76: NO | I76: 910040 | J76: FALSE | K76: 4239 | L76: UNKNOWN | M76: 7532 | N76: error | O76: 273 | P76: ERROR | Q76: 62474 | R76: Pointer
B77: svcomp_HarrisLalNoriRajamani-2010SAS-Fig3_true-alloca.c | C77: YES | D77: YES | E77: 494 | F77: TRUE | G77: 2547 | H77: YES | I77: 8361 | J77: TRUE | K77: 3738 | L77: UNKNOWN | M77: 6296 | N77: error | O77: 270 | P77: NO | Q77: 1336 | R77: Pointer
B78: svcomp_insertionsort_alloca.c | C78: YES | D78: YES | E78: 2803 | F78: TRUE | G78: 1670 | H78: YES | I78: 45885 | J78: TRUE | K78: 6649 | L78: UNKNOWN | M78: 6903 | N78: error | O78: 268 | P78: YES | Q78: 42041 | R78: Pointer
B79: svcomp_java_AG313-alloca.c | C79: YES | D79: YES | E79: 451 | F79: TRUE | G79: 70187 | H79: TIMEOUT | I79: 910039 | J79: TRUE | K79: 4495 | L79: UNKNOWN | M79: 8909 | N79: error | O79: 272 | P79: NO | Q79: 716 | R79: Pointer
B80: svcomp_java_Break-alloca.c | C80: YES | D80: YES | E80: 445 | F80: TRUE | G80: 9810 | H80: YES | I80: 5760 | J80: TRUE | K80: 3504 | L80: UNKNOWN | M80: 6985 | N80: error | O80: 248 | P80: NO | Q80: 1025 | R80: Pointer
B81: svcomp_java_BubbleSort_alloca.c | C81: YES | D81: YES | E81: 1767 | F81: TRUE | G81: 183043 | H81: MAYBE | I81: 49659 | J81: TRUE | K81: 9261 | L81: UNKNOWN | M81: 7307 | N81: error | O81: 273 | P81: YES | Q81: 20361 | R81: Pointer
B82: svcomp_java_Continue1-alloca.c | C82: YES | D82: YES | E82: 423 | F82: TRUE | G82: 10635 | H82: YES | I82: 7223 | J82: ERROR | K82: 211450 | L82: UNKNOWN | M82: 5335 | N82: error | O82: 255 | P82: NO | Q82: 820 | R82: Pointer
B83: svcomp_java_LogBuiltIn-alloca.c | C83: YES | D83: YES | E83: 413 | F83: TRUE | G83: 60529 | H83: YES | I83: 6012 | J83: TRUE | K83: 3661 | L83: UNKNOWN | M83: 9290 | N83: error | O83: 269 | P83: NO | Q83: 935 | R83: Pointer
B84: svcomp_java_Nested-alloca.c | C84: YES | D84: YES | E84: 1231 | F84: TRUE | G84: 11080 | H84: YES | I84: 11733 | J84: UNKNOWN | K84: 900408 | L84: UNKNOWN | M84: 10075 | N84: error | O84: 271 | P84: NO | Q84: 721 | R84: Pointer
B85: svcomp_java_Sequence-alloca.c | C85: YES | D85: YES | E85: 424 | F85: TRUE | G85: 11701 | H85: YES | I85: 7614 | J85: UNKNOWN | K85: 900391 | L85: UNKNOWN | M85: 8094 | N85: error | O85: 265 | P85: NO | Q85: 827 | R85: Pointer
B86: svcomp_KroeningSharyginaTsitovichWintersteiger-2010CAV-Fig1_true-alloca.c | C86: YES | D86: YES | E86: 735 | F86: TRUE | G86: 185375 | H86: TIMEOUT | I86: 900148 | J86: TRUE | K86: 5103 | L86: UNKNOWN | M86: 7353 | N86: error | O86: 264 | P86: NO | Q86: 887 | R86: Pointer
B87: svcomp_LarrazOliverasRodriguez-CarbonellRubio-2013FMCAD-Fig1_true-alloca.c | C87: YES | D87: TIMEOUT | E87: 900362 | F87: INCONCLUSIVE | G87: 302119 | H87: TIMEOUT | I87: 910037 | J87: UNKNOWN | K87: 900413 | L87: UNKNOWN | M87: 8664 | N87: error | O87: 263 | P87: NO | Q87: 1019 | R87: Pointer
B88: svcomp_lis_alloca.c | C88: YES | D88: TIMEOUT | E88: 900555 | F88: TRUE | G88: 182750 | H88: MAYBE | I88: 34430 | J88: UNKNOWN | K88: 900414 | L88: UNKNOWN | M88: 21835 | N88: error | O88: 255 | P88: TIMEOUT | Q88: 910062 | R88: Pointer
B89: svcomp_Masse_true-alloca.c | C89: YES | D89: TIMEOUT | E89: 900855 | F89: INCONCLUSIVE | G89: 301775 | H89: TIMEOUT | I89: 910039 | J89: ERROR | K89: 8474 | L89: UNKNOWN | M89: 6055 | N89: error | O89: 270 | P89: NO | Q89: 1168 | R89: Pointer
B90: svcomp_min_rf_true-alloca.c | C90: YES | D90: YES | E90: 3213 | F90: TRUE | G90: 182634 | H90: YES | I90: 40251 | J90: ERROR | K90: 10328 | L90: UNKNOWN | M90: 8097 | N90: error | O90: 260 | P90: NO | Q90: 1212 | R90: Pointer
B91: svcomp_mult_array_alloca.c | C91: YES | D91: YES | E91: 1886 | F91: TRUE | G91: 5521 | H91: MAYBE | I91: 3972 | J91: TRUE | K91: 7400 | L91: UNKNOWN | M91: 8348 | N91: error | O91: 257 | P91: ERROR | Q91: 674 | R91: Pointer
B92: svcomp_NoriSharma-2013FSE-Fig7_true-alloca.c | C92: YES | D92: YES | E92: 5856 | F92: INCONCLUSIVE | G92: 191857 | H92: YES | I92: 19578 | J92: TRUE | K92: 17435 | L92: UNKNOWN | M92: 52583 | N92: error | O92: 266 | P92: NO | Q92: 1019 | R92: Pointer
B93: svcomp_NoriSharma-2013FSE-Fig8_true-alloca.c | C93: YES | D93: YES | E93: 3076 | F93: INCONCLUSIVE | G93: 224552 | H93: YES | I93: 16155 | J93: TRUE | K93: 35975 | L93: UNKNOWN | M93: 52850 | N93: error | O93: 274 | P93: NO | Q93: 1072 | R93: Pointer
B94: svcomp_openbsd_cbzero_alloca.c | C94: YES | D94: YES | E94: 2095 | F94: TRUE | G94: 2644 | H94: YES | I94: 7931 | J94: TRUE | K94: 3501 | L94: UNKNOWN | M94: 6496 | N94: error | O94: 260 | P94: NO | Q94: 1517 | R94: Pointer
B95: svcomp_openbsd_cmemchr_alloca.c | C95: YES | D95: YES | E95: 2932 | F95: TRUE | G95: 125560 | H95: YES | I95: 11844 | J95: TRUE | K95: 3634 | L95: UNKNOWN | M95: 6483 | N95: error | O95: 282 | P95: ERROR | Q95: 1277 | R95: Pointer
B96: svcomp_openbsd_cmemrchr_alloca.c | C96: YES | D96: YES | E96: 2778 | F96: TRUE | G96: 182763 | H96: MAYBE | I96: 8084 | J96: TRUE | K96: 3715 | L96: UNKNOWN | M96: 6431 | N96: error | O96: 274 | P96: ERROR | Q96: 967 | R96: Pointer
B97: svcomp_openbsd_cmemset_alloca.c | C97: YES | D97: YES | E97: 1629 | F97: TRUE | G97: 69216 | H97: YES | I97: 9721 | J97: TRUE | K97: 3734 | L97: UNKNOWN | M97: 6435 | N97: error | O97: 260 | P97: NO | Q97: 1166 | R97: Pointer
B98: svcomp_openbsd_cstpcpy_alloca.c | C98: YES | D98: TIMEOUT | E98: 900892 | F98: TRUE | G98: 56492 | H98: YES | I98: 42343 | J98: TRUE | K98: 3806 | L98: UNKNOWN | M98: 7129 | N98: error | O98: 270 | P98: NO | Q98: 785 | R98: Pointer
B99: svcomp_openbsd_cstpncpy_alloca.c | C99: YES | D99: YES | E99: 610 | F99: TRUE | G99: 182797 | H99: YES | I99: 29912 | J99: TRUE | K99: 13672 | L99: UNKNOWN | M99: 8992 | N99: error | O99: 265 | P99: NO | Q99: 1444 | R99: Pointer
B100: svcomp_openbsd_cstrcat_alloca.c | C100: YES | D100: TIMEOUT | E100: 900444 | F100: TRUE | G100: 127170 | H100: MAYBE | I100: 5180 | J100: TRUE | K100: 3967 | L100: UNKNOWN | M100: 8364 | N100: error | O100: 293 | P100: NO | Q100: 1082 | R100: Pointer
...

Sheet FSE
B1: Benchmarks | C1: Athena_BV (Bitvector Mode) timout: 600s semantic-augmentor-mode=none type-annotator-mode=all signedness-info=all unreachable-exit=true muval-mode=FSE-BV | E1: Athena_MA (Modulo Arithmetic Mode) timout: 300s semantic-augmentor-mode=only-nobv type-annotator-mode=only-bv signedness-info=only-bv unreachable-exit=true muval-mode=FSE-MI | G1: Athena_MI (Mathematical Integer Mode) timout: 270s semantic-augmentor-mode=none type-annotator-mode=all signedness-info=all unreachable-exit=true muval-mode=FSE-MI | I1: CPAchecker: Underflow/Overflow? timout: 30s | K1: Athena_MA + Athena_MI & CPAchecker timout: 600s | M1: Athena (Athena_BV + [Athena_MA + Athema_MI + CPAchecker]) timout: 1200s | O1: PROTON | Q1: AProVE | S1: UAutomizer | U1: CPAchecker | W1: 2LS | Y1: MuVal
A2: loop | B2: Adding_Subtracting_Zero_1_NT.c | C2: NO | D2: 735 | E2: NO | F2: 2458 | G2: NO | H2: 366 | I2: TRUE | J2: 5352 | K2: =IF(OR(E2="NO", E2="YES"), E2, IF(I2=FALSE, G2, E2)) -> NO | L2: =IF(OR(E2="NO", E2="YES"), F2, IF(I2=FALSE, SUM(F2, J2, H2), SUM(F2, J2))) -> 2458 | M2: =IF(OR(C2="NO", C2="YES"), C2, IF(OR(K2="NO", K2="YES"), K2, C2)) -> NO | N2: =IF(OR(C2="NO", C2="YES"), D2, IF(OR(K2="NO", K2="YES"), SUM(D2, L2), SUM(D2, L2))) -> 735 | O2: FALSE | P2: 3138 | Q2: NO | R2: 6515 | S2: FALSE | T2: 3936 | U2: UNKNOWN | V2: 1201407 | W2: unknown | X2: 546 | Y2: NO | Z2: 567
B3: Adding_Subtracting_Zero_1_T.c | C3: YES | D3: 557 | E3: YES | F3: 2558 | G3: YES | H3: 394 | I3: TRUE | J3: 4507 | K3: =IF(OR(E3="NO", E3="YES"), E3, IF(I3=FALSE, G3, E3)) -> YES | L3: =IF(OR(E3="NO", E3="YES"), F3, IF(I3=FALSE, SUM(F3, J3, H3), SUM(F3, J3))) -> 2558 | M3: =IF(OR(C3="NO", C3="YES"), C3, IF(OR(K3="NO", K3="YES"), K3, C3)) -> YES | N3: =IF(OR(C3="NO", C3="YES"), D3, IF(OR(K3="NO", K3="YES"), SUM(D3, L3), SUM(D3, L3))) -> 557 | O3: TRUE | P3: 182292 | Q3: YES | R3: 5683 | S3: TRUE | T3: 3679 | U3: UNKNOWN | V3: 5875 | W3: yes | X3: 316 | Y3: YES | Z3: 380
B4: Adding_Subtracting_Zero_2_NT.c | C4: NO | D4: 93989 | E4: NO | F4: 14124 | G4: NO | H4: 492 | I4: FALSE | J4: 5131 | K4: =IF(OR(E4="NO", E4="YES"), E4, IF(I4=FALSE, G4, E4)) -> NO | L4: =IF(OR(E4="NO", E4="YES"), F4, IF(I4=FALSE, SUM(F4, J4, H4), SUM(F4, J4))) -> 14124 | M4: =IF(OR(C4="NO", C4="YES"), C4, IF(OR(K4="NO", K4="YES"), K4, C4)) -> NO | N4: =IF(OR(C4="NO", C4="YES"), D4, IF(OR(K4="NO", K4="YES"), SUM(D4, L4), SUM(D4, L4))) -> 93989 | O4: FALSE | P4: 2072 | Q4: MAYBE | R4: 15825 | S4: TIMEOUT | T4: 1200346 | U4: UNKNOWN | V4: 7158 | W4: unknown | X4: 513 | Y4: NO | Z4: 358
B5: Adding_Subtracting_Zero_2_T.c | C5: TIMEOUT | D5: 600412 | E5: TIMEOUT | F5: 300389 | G5: YES | H5: 586 | I5: FALSE | J5: 5156 | K5: =IF(OR(E5="NO", E5="YES"), E5, IF(I5=FALSE, G5, E5)) -> YES | L5: =IF(OR(E5="NO", E5="YES"), F5, IF(I5=FALSE, SUM(F5, J5, H5), SUM(F5, J5))) -> 306131 | M5: =IF(OR(C5="NO", C5="YES"), C5, IF(OR(K5="NO", K5="YES"), K5, C5)) -> YES | N5: =IF(OR(C5="NO", C5="YES"), D5, IF(OR(K5="NO", K5="YES"), SUM(D5, L5), SUM(D5, L5))) -> 906543 | O5: TRUE | P5: 182519 | Q5: YES | R5: 25672 | S5: TIMEOUT | T5: 1200404 | U5: UNKNOWN | V5: 7079 | W5: unknown | X5: 503 | Y5: YES | Z5: 1391
B6: Adding_Subtracting_Zero_3_NT.c | C6: TIMEOUT | D6: 600535 | E6: TIMEOUT | F6: 300793 | G6: NO | H6: 106195 | I6: FALSE | J6: 4894 | K6: =IF(OR(E6="NO", E6="YES"), E6, IF(I6=FALSE, G6, E6)) -> NO | L6: =IF(OR(E6="NO", E6="YES"), F6, IF(I6=FALSE, SUM(F6, J6, H6), SUM(F6, J6))) -> 411882 | M6: =IF(OR(C6="NO", C6="YES"), C6, IF(OR(K6="NO", K6="YES"), K6, C6)) -> NO | N6: =IF(OR(C6="NO", C6="YES"), D6, IF(OR(K6="NO", K6="YES"), SUM(D6, L6), SUM(D6, L6))) -> 1012417 | O6: FALSE | P6: 3016 | Q6: ERROR | R6: 897970 | S6: ERROR | T6: 19464 | U6: TIMEOUT | V6: 1211741 | W6: unknown | X6: 451 | Y6: TIMEOUT | Z6: 1210035
B7: Adding_Subtracting_Zero_3_T.c | C7: TIMEOUT | D7: 600536 | E7: TIMEOUT | F7: 301856 | G7: TIMEOUT | H7: 270311 | I7: FALSE | J7: 4866 | K7: =IF(OR(E7="NO", E7="YES"), E7, IF(I7=FALSE, G7, E7)) -> TIMEOUT | L7: =IF(OR(E7="NO", E7="YES"), F7, IF(I7=FALSE, SUM(F7, J7, H7), SUM(F7, J7))) -> 577033 | M7: =IF(OR(C7="NO", C7="YES"), C7, IF(OR(K7="NO", K7="YES"), K7, C7)) -> TIMEOUT | N7: =IF(OR(C7="NO", C7="YES"), D7, IF(OR(K7="NO", K7="YES"), SUM(D7, L7), SUM(D7, L7))) -> 1177569 | O7: TRUE | P7: 185536 | Q7: TIMEOUT | R7: 1210066 | S7: TRUE | T7: 36735 | U7: UNKNOWN | V7: 1202220 | W7: unknown | X7: 573 | Y7: TIMEOUT | Z7: 1210039
B8: Adding_Subtracting_Zero_4_NT.c | C8: NO | D8: 38140 | E8: TIMEOUT | F8: 301253 | G8: NO | H8: 11137 | I8: FALSE | J8: 4708 | K8: =IF(OR(E8="NO", E8="YES"), E8, IF(I8=FALSE, G8, E8)) -> NO | L8: =IF(OR(E8="NO", E8="YES"), F8, IF(I8=FALSE, SUM(F8, J8, H8), SUM(F8, J8))) -> 317098 | M8: =IF(OR(C8="NO", C8="YES"), C8, IF(OR(K8="NO", K8="YES"), K8, C8)) -> NO | N8: =IF(OR(C8="NO", C8="YES"), D8, IF(OR(K8="NO", K8="YES"), SUM(D8, L8), SUM(D8, L8))) -> 38140 | O8: FALSE | P8: 3993 | Q8: TIMEOUT | R8: 1210042 | S8: ERROR | T8: 11394 | U8: ERROR | V8: 16279 | W8: unknown | X8: 508 | Y8: NO | Z8: 1329
B9: Adding_Subtracting_Zero_4_T.c | C9: TIMEOUT | D9: 600599 | E9: TIMEOUT | F9: 301052 | G9: TIMEOUT | H9: 270250 | I9: FALSE | J9: 4723 | K9: =IF(OR(E9="NO", E9="YES"), E9, IF(I9=FALSE, G9, E9)) -> TIMEOUT | L9: =IF(OR(E9="NO", E9="YES"), F9, IF(I9=FALSE, SUM(F9, J9, H9), SUM(F9, J9))) -> 576025 | M9: =IF(OR(C9="NO", C9="YES"), C9, IF(OR(K9="NO", K9="YES"), K9, C9)) -> TIMEOUT | N9: =IF(OR(C9="NO", C9="YES"), D9, IF(OR(K9="NO", K9="YES"), SUM(D9, L9), SUM(D9, L9))) -> 1176624 | O9: TRUE | P9: 185246 | Q9: YES | R9: 39874 | S9: TRUE | T9: 5341 | U9: ERROR | V9: 15943 | W9: yes | X9: 618 | Y9: TIMEOUT | Z9: 1210028
B10: Adding_Subtracting_Zero_5_NT.c | C10: NO | D10: 818 | E10: NO | F10: 10815 | G10: NO | H10: 487 | I10: TIMEOUT | J10: 3773 | K10: =IF(OR(E10="NO", E10="YES"), E10, IF(I10=FALSE, G10, E10)) -> NO | L10: =IF(OR(E10="NO", E10="YES"), F10, IF(I10=FALSE, SUM(F10, J10, H10), SUM(F10, J10))) -> 10815 | M10: =IF(OR(C10="NO", C10="YES"), C10, IF(OR(K10="NO", K10="YES"), K10, C10)) -> NO | N10: =IF(OR(C10="NO", C10="YES"), D10, IF(OR(K10="NO", K10="YES"), SUM(D10, L10), SUM(D10, L10))) -> 818 | O10: FALSE | P10: 2327 | Q10: MAYBE | R10: 7389 | S10: FALSE | T10: 3802 | U10: ERROR | V10: 3827 | W10: unknown | X10: 501 | Y10: ERROR | Z10: 355 | AA10: Pointer + Structure
B11: Adding_Subtracting_Zero_5_T.c | C11: TIMEOUT | D11: 600456 | E11: TIMEOUT | F11: 300540 | G11: TIMEOUT | H11: 270249 | I11: TIMEOUT | J11: 3736 | K11: =IF(OR(E11="NO", E11="YES"), E11, IF(I11=FALSE, G11, E11)) -> TIMEOUT | L11: =IF(OR(E11="NO", E11="YES"), F11, IF(I11=FALSE, SUM(F11, J11, H11), SUM(F11, J11))) -> 304276 | M11: =IF(OR(C11="NO", C11="YES"), C11, IF(OR(K11="NO", K11="YES"), K11, C11)) -> TIMEOUT | N11: =IF(OR(C11="NO", C11="YES"), D11, IF(OR(K11="NO", K11="YES"), SUM(D11, L11), SUM(D11, L11))) -> 904732 | O11: FALSE | P11: 2206 | Q11: MAYBE | R11: 7223 | S11: TIMEOUT | T11: 1200323 | U11: ERROR | V11: 3858 | W11: unknown | X11: 528 | Y11: ERROR | Z11: 347 | AA11: Pointer + Structure
B12: Incorrect_Bit_Calculation_1_NT.c | C12: NO | D12: 468 | E12: ERROR | F12: 330 | G12: ERROR | H12: 263 | I12: TRUE | J12: 4191 | K12: =IF(OR(E12="NO", E12="YES"), E12, IF(I12=FALSE, G12, E12)) -> ERROR | L12: =IF(OR(E12="NO", E12="YES"), F12, IF(I12=FALSE, SUM(F12, J12, H12), SUM(F12, J12))) -> 4521 | M12: =IF(OR(C12="NO", C12="YES"), C12, IF(OR(K12="NO", K12="YES"), K12, C12)) -> NO | N12: =IF(OR(C12="NO", C12="YES"), D12, IF(OR(K12="NO", K12="YES"), SUM(D12, L12), SUM(D12, L12))) -> 468 | O12: FALSE | P12: 2017 | Q12: MAYBE | R12: 2557 | S12: UNKNOWN | T12: 4945 | U12: UNKNOWN | V12: 1201201 | W12: unknown | X12: 266 | Y12: NO | Z12: 432 | AA12: Bit Calculation
B13: Incorrect_Bit_Calculation_1_T.c | C13: YES | D13: 453 | E13: ERROR | F13: 284 | G13: ERROR | H13: 245 | I13: TRUE | J13: 4176 | K13: =IF(OR(E13="NO", E13="YES"), E13, IF(I13=FALSE, G13, E13)) -> ERROR | L13: =IF(OR(E13="NO", E13="YES"), F13, IF(I13=FALSE, SUM(F13, J13, H13), SUM(F13, J13))) -> 4460 | M13: =IF(OR(C13="NO", C13="YES"), C13, IF(OR(K13="NO", K13="YES"), K13, C13)) -> YES | N13: =IF(OR(C13="NO", C13="YES"), D13, IF(OR(K13="NO", K13="YES"), SUM(D13, L13), SUM(D13, L13))) -> 453 | O13: TRUE | P13: 42258 | Q13: MAYBE | R13: 2526 | S13: TRUE | T13: 2739 | U13: UNKNOWN | V13: 1201077 | W13: yes | X13: 289 | Y13: NO | Z13: 413 | AA13: Bit Calculation
B14: Incorrect_Bit_Calculation_2_NT.c | C14: NO | D14: 425 | E14: ERROR | F14: 297 | G14: ERROR | H14: 252 | I14: FALSE | J14: 4479 | K14: =IF(OR(E14="NO", E14="YES"), E14, IF(I14=FALSE, G14, E14)) -> ERROR | L14: =IF(OR(E14="NO", E14="YES"), F14, IF(I14=FALSE, SUM(F14, J14, H14), SUM(F14, J14))) -> 5028 | M14: =IF(OR(C14="NO", C14="YES"), C14, IF(OR(K14="NO", K14="YES"), K14, C14)) -> NO | N14: =IF(OR(C14="NO", C14="YES"), D14, IF(OR(K14="NO", K14="YES"), SUM(D14, L14), SUM(D14, L14))) -> 425 | O14: FALSE | P14: 2022 | Q14: MAYBE | R14: 2635 | S14: UNKNOWN | T14: 3879 | U14: UNKNOWN | V14: 1201048 | W14: unknown | X14: 489 | Y14: NO | Z14: 442 | AA14: Bit Calculation
B15: Incorrect_Bit_Calculation_2_T.c | C15: YES | D15: 12338 | E15: ERROR | F15: 321 | G15: ERROR | H15: 247 | I15: FALSE | J15: 4497 | K15: =IF(OR(E15="NO", E15="YES"), E15, IF(I15=FALSE, G15, E15)) -> ERROR | L15: =IF(OR(E15="NO", E15="YES"), F15, IF(I15=FALSE, SUM(F15, J15, H15), SUM(F15, J15))) -> 5065 | M15: =IF(OR(C15="NO", C15="YES"), C15, IF(OR(K15="NO", K15="YES"), K15, C15)) -> YES | N15: =IF(OR(C15="NO", C15="YES"), D15, IF(OR(K15="NO", K15="YES"), SUM(D15, L15), SUM(D15, L15))) -> 12338 | O15: TRUE | P15: 49955 | Q15: MAYBE | R15: 2731 | S15: UNKNOWN | T15: 3898 | U15: UNKNOWN | V15: 1201162 | W15: unknown | X15: 438 | Y15: NO | Z15: 414 | AA15: Bit Calculation
B16: Incorrect_Bit_Calculation_3_NT.c | C16: NO | D16: 452 | E16: ERROR | F16: 341 | G16: ERROR | H16: 259 | I16: TRUE | J16: 4239 | K16: =IF(OR(E16="NO", E16="YES"), E16, IF(I16=FALSE, G16, E16)) -> ERROR | L16: =IF(OR(E16="NO", E16="YES"), F16, IF(I16=FALSE, SUM(F16, J16, H16), SUM(F16, J16))) -> 4580 | M16: =IF(OR(C16="NO", C16="YES"), C16, IF(OR(K16="NO", K16="YES"), K16, C16)) -> NO | N16: =IF(OR(C16="NO", C16="YES"), D16, IF(OR(K16="NO", K16="YES"), SUM(D16, L16), SUM(D16, L16))) -> 452 | O16: FALSE | P16: 2034 | Q16: MAYBE | R16: 2474 | S16: FALSE | T16: 2179 | U16: UNKNOWN | V16: 5102 | W16: unknown | X16: 322 | Y16: NO | Z16: 408 | AA16: Bit Calculation
B17: Incorrect_Bit_Calculation_3_T.c | C17: YES | D17: 418 | E17: ERROR | F17: 326 | G17: ERROR | H17: 262 | I17: TRUE | J17: 4244 | K17: =IF(OR(E17="NO", E17="YES"), E17, IF(I17=FALSE, G17, E17)) -> ERROR | L17: =IF(OR(E17="NO", E17="YES"), F17, IF(I17=FALSE, SUM(F17, J17, H17), SUM(F17, J17))) -> 4570 | M17: =IF(OR(C17="NO", C17="YES"), C17, IF(OR(K17="NO", K17="YES"), K17, C17)) -> YES | N17: =IF(OR(C17="NO", C17="YES"), D17, IF(OR(K17="NO", K17="YES"), SUM(D17, L17), SUM(D17, L17))) -> 418 | O17: TRUE | P17: 59675 | Q17: MAYBE | R17: 2552 | S17: UNKNOWN | T17: 3839 | U17: UNKNOWN | V17: 5235 | W17: unknown | X17: 367 | Y17: NO | Z17: 397 | AA17: Bit Calculation
B18: Incorrect_Control_Statement_1_NT.c | C18: TIMEOUT | D18: 600339 | E18: TIMEOUT | F18: 300413 | G18: TIMEOUT | H18: 270253 | I18: TRUE | J18: 4712 | K18: =IF(OR(E18="NO", E18="YES"), E18, IF(I18=FALSE, G18, E18)) -> TIMEOUT | L18: =IF(OR(E18="NO", E18="YES"), F18, IF(I18=FALSE, SUM(F18, J18, H18), SUM(F18, J18))) -> 305125 | M18: =IF(OR(C18="NO", C18="YES"), C18, IF(OR(K18="NO", K18="YES"), K18, C18)) -> TIMEOUT | N18: =IF(OR(C18="NO", C18="YES"), D18, IF(OR(K18="NO", K18="YES"), SUM(D18, L18), SUM(D18, L18))) -> 905464 | O18: INCONCLUSIVE | P18: 302173 | Q18: MAYBE | R18: 13693 | S18: TIMEOUT | T18: 1200323 | U18: UNKNOWN | V18: 413225 | W18: unknown | X18: 369 | Y18: NO | Z18: 3037 | AA18: Pointer + Array
B19: Incorrect_Control_Statement_1_T.c | C19: TIMEOUT | D19: 600426 | E19: TIMEOUT | F19: 300477 | G19: TIMEOUT | H19: 270312 | I19: TRUE | J19: 4765 | K19: =IF(OR(E19="NO", E19="YES"), E19, IF(I19=FALSE, G19, E19)) -> TIMEOUT | L19: =IF(OR(E19="NO", E19="YES"), F19, IF(I19=FALSE, SUM(F19, J19, H19), SUM(F19, J19))) -> 305242 | M19: =IF(OR(C19="NO", C19="YES"), C19, IF(OR(K19="NO", K19="YES"), K19, C19)) -> TIMEOUT | N19: =IF(OR(C19="NO", C19="YES"), D19, IF(OR(K19="NO", K19="YES"), SUM(D19, L19), SUM(D19, L19))) -> 905668 | O19: TRUE | P19: 193913 | Q19: TIMEOUT | R19: 1200271 | S19: TIMEOUT | T19: 1200368 | U19: UNKNOWN | V19: 420230 | W19: unknown | X19: 371 | Y19: NO | Z19: 276850 | AA19: Pointer + Array
B20: Incorrect_Control_Statement_2_NT.c | C20: TIMEOUT | D20: 600394 | E20: TIMEOUT | F20: 300462 | G20: TIMEOUT | H20: 270303 | I20: TRUE | J20: 4562 | K20: =IF(OR(E20="NO", E20="YES"), E20, IF(I20=FALSE, G20, E20)) -> TIMEOUT | L20: =IF(OR(E20="NO", E20="YES"), F20, IF(I20=FALSE, SUM(F20, J20, H20), SUM(F20, J20))) -> 305024 | M20: =IF(OR(C20="NO", C20="YES"), C20, IF(OR(K20="NO", K20="YES"), K20, C20)) -> TIMEOUT | N20: =IF(OR(C20="NO", C20="YES"), D20, IF(OR(K20="NO", K20="YES"), SUM(D20, L20), SUM(D20, L20))) -> 905418 | O20: FALSE | P20: 4367 | Q20: MAYBE | R20: 14825 | S20: FALSE | T20: 35905 | U20: UNKNOWN | V20: 10463 | W20: unknown | X20: 390 | Y20: NO | Z20: 1848 | AA20: Array
B21: Incorrect_Control_Statement_2_T.c | C21: YES | D21: 772 | E21: YES | F21: 4864 | G21: YES | H21: 511 | I21: TRUE | J21: 4650 | K21: =IF(OR(E21="NO", E21="YES"), E21, IF(I21=FALSE, G21, E21)) -> YES | L21: =IF(OR(E21="NO", E21="YES"), F21, IF(I21=FALSE, SUM(F21, J21, H21), SUM(F21, J21))) -> 4864 | M21: =IF(OR(C21="NO", C21="YES"), C21, IF(OR(K21="NO", K21="YES"), K21, C21)) -> YES | N21: =IF(OR(C21="NO", C21="YES"), D21, IF(OR(K21="NO", K21="YES"), SUM(D21, L21), SUM(D21, L21))) -> 772 | O21: TRUE | P21: 8537 | Q21: YES | R21: 15710 | S21: TRUE | T21: 18183 | U21: UNKNOWN | V21: 10257 | W21: yes | X21: 371 | Y21: TIMEOUT | Z21: 1210031 | AA21: Array
B22: Incorrect_Initialization_1_NT.c | C22: NO | D22: 377608 | E22: TIMEOUT | F22: 300418 | G22: TIMEOUT | H22: 270295 | I22: TRUE | J22: 4854 | K22: =IF(OR(E22="NO", E22="YES"), E22, IF(I22=FALSE, G22, E22)) -> TIMEOUT | L22: =IF(OR(E22="NO", E22="YES"), F22, IF(I22=FALSE, SUM(F22, J22, H22), SUM(F22, J22))) -> 305272 | M22: =IF(OR(C22="NO", C22="YES"), C22, IF(OR(K22="NO", K22="YES"), K22, C22)) -> NO | N22: =IF(OR(C22="NO", C22="YES"), D22, IF(OR(K22="NO", K22="YES"), SUM(D22, L22), SUM(D22, L22))) -> 377608 | O22: INCONCLUSIVE | P22: 301847 | Q22: MAYBE | R22: 6353 | S22: TIMEOUT | T22: 1200279 | U22: UNKNOWN | V22: 822503 | W22: unknown | X22: 337 | Y22: ERROR | Z22: 457 | AA22: Pointer + Array
B23: Incorrect_Initialization_1_T.c | C23: TIMEOUT | D23: 600432 | E23: TIMEOUT | F23: 300543 | G23: TIMEOUT | H23: 270310 | I23: TRUE | J23: 4930 | K23: =IF(OR(E23="NO", E23="YES"), E23, IF(I23=FALSE, G23, E23)) -> TIMEOUT | L23: =IF(OR(E23="NO", E23="YES"), F23, IF(I23=FALSE, SUM(F23, J23, H23), SUM(F23, J23))) -> 305473 | M23: =IF(OR(C23="NO", C23="YES"), C23, IF(OR(K23="NO", K23="YES"), K23, C23)) -> TIMEOUT | N23: =IF(OR(C23="NO", C23="YES"), D23, IF(OR(K23="NO", K23="YES"), SUM(D23, L23), SUM(D23, L23))) -> 905905 | O23: INCONCLUSIVE | P23: 301909 | Q23: MAYBE | R23: 6478 | S23: TIMEOUT | T23: 1200337 | U23: UNKNOWN | V23: 658707 | W23: unknown | X23: 356 | Y23: ERROR | Z23: 454 | AA23: Pointer + Array
B24: Incorrect_Initialization_2_NT.c | C24: NO | D24: 1122 | E24: NO | F24: 4915 | G24: NO | H24: 509 | I24: TRUE | J24: 6434 | K24: =IF(OR(E24="NO", E24="YES"), E24, IF(I24=FALSE, G24, E24)) -> NO | L24: =IF(OR(E24="NO", E24="YES"), F24, IF(I24=FALSE, SUM(F24, J24, H24), SUM(F24, J24))) -> 4915 | M24: =IF(OR(C24="NO", C24="YES"), C24, IF(OR(K24="NO", K24="YES"), K24, C24)) -> NO | N24: =IF(OR(C24="NO", C24="YES"), D24, IF(OR(K24="NO", K24="YES"), SUM(D24, L24), SUM(D24, L24))) -> 1122 | O24: FALSE | P24: 2111 | Q24: MAYBE | R24: 139336 | S24: FALSE | T24: 8626 | U24: UNKNOWN | V24: 13194 | W24: unknown | X24: 680 | Y24: NO | Z24: 1234
B25: Incorrect_Initialization_2_NT.c | C25: NO | D25: 2489 | E25: TIMEOUT | F25: 300906 | G25: NO | H25: 598 | I25: UNKNOWN | J25: 31904 | K25: =IF(OR(E25="NO", E25="YES"), E25, IF(I25=FALSE, G25, E25)) -> TIMEOUT | L25: =IF(OR(E25="NO", E25="YES"), F25, IF(I25=FALSE, SUM(F25, J25, H25), SUM(F25, J25))) -> 332810 | M25: =IF(OR(C25="NO", C25="YES"), C25, IF(OR(K25="NO", K25="YES"), K25, C25)) -> NO | N25: =IF(OR(C25="NO", C25="YES"), D25, IF(OR(K25="NO", K25="YES"), SUM(D25, L25), SUM(D25, L25))) -> 2489 | O25: FALSE | P25: 2136 | Q25: MAYBE | R25: 29300 | S25: FALSE | T25: 139167 | U25: UNKNOWN | V25: 1205086 | W25: unknown | X25: 748 | Y25: NO | Z25: 75632
B26: Incorrect_Initialization_3_NT.c | C26: TIMEOUT | D26: 600418 | E26: TIMEOUT | F26: 300466 | G26: TIMEOUT | H26: 270299 | I26: TRUE | J26: 4769 | K26: =IF(OR(E26="NO", E26="YES"), E26, IF(I26=FALSE, G26, E26)) -> TIMEOUT | L26: =IF(OR(E26="NO", E26="YES"), F26, IF(I26=FALSE, SUM(F26, J26, H26), SUM(F26, J26))) -> 305235 | M26: =IF(OR(C26="NO", C26="YES"), C26, IF(OR(K26="NO", K26="YES"), K26, C26)) -> TIMEOUT | N26: =IF(OR(C26="NO", C26="YES"), D26, IF(OR(K26="NO", K26="YES"), SUM(D26, L26), SUM(D26, L26))) -> 905653 | O26: INCONCLUSIVE | P26: 302278 | Q26: MAYBE | R26: 9071 | S26: TIMEOUT | T26: 1200294 | U26: UNKNOWN | V26: 267135 | W26: unknown | X26: 391 | Y26: NO | Z26: 549 | AA26: Pointer + Array
B27: Incorrect_Initialization_3_T.c | C27: TIMEOUT | D27: 600459 | E27: TIMEOUT | F27: 300405 | G27: TIMEOUT | H27: 270364 | I27: TRUE | J27: 4730 | K27: =IF(OR(E27="NO", E27="YES"), E27, IF(I27=FALSE, G27, E27)) -> TIMEOUT | L27: =IF(OR(E27="NO", E27="YES"), F27, IF(I27=FALSE, SUM(F27, J27, H27), SUM(F27, J27))) -> 305135 | M27: =IF(OR(C27="NO", C27="YES"), C27, IF(OR(K27="NO", K27="YES"), K27, C27)) -> TIMEOUT | N27: =IF(OR(C27="NO", C27="YES"), D27, IF(OR(K27="NO", K27="YES"), SUM(D27, L27), SUM(D27, L27))) -> 905594 | O27: INCONCLUSIVE | P27: 302106 | Q27: MAYBE | R27: 7678 | S27: TIMEOUT | T27: 1200305 | U27: UNKNOWN | V27: 266290 | W27: unknown | X27: 399 | Y27: NO | Z27: 595 | AA27: Pointer + Array
B28: Incorrect_Initialization_4_NT.c | C28: NO | D28: 5923 | E28: NO | F28: 20865 | G28: NO | H28: 461 | I28: UNKNOWN | J28: 30929 | K28: =IF(OR(E28="NO", E28="YES"), E28, IF(I28=FALSE, G28, E28)) -> NO | L28: =IF(OR(E28="NO", E28="YES"), F28, IF(I28=FALSE, SUM(F28, J28, H28), SUM(F28, J28))) -> 20865 | M28: =IF(OR(C28="NO", C28="YES"), C28, IF(OR(K28="NO", K28="YES"), K28, C28)) -> NO | N28: =IF(OR(C28="NO", C28="YES"), D28, IF(OR(K28="NO", K28="YES"), SUM(D28, L28), SUM(D28, L28))) -> 5923 | O28: FALSE | P28: 2201 | Q28: MAYBE | R28: 106323 | S28: FALSE | T28: 3294 | U28: UNKNOWN | V28: 1201010 | W28: unknown | X28: 550 | Y28: NO | Z28: 566
B29: Incorrect_Initialization_4_T.c | C29: YES | D29: 82397 | E29: TIMEOUT | F29: 300456 | G29: YES | H29: 521 | I29: UNKNOWN | J29: 30963 | K29: =IF(OR(E29="NO", E29="YES"), E29, IF(I29=FALSE, G29, E29)) -> TIMEOUT | L29: =IF(OR(E29="NO", E29="YES"), F29, IF(I29=FALSE, SUM(F29, J29, H29), SUM(F29, J29))) -> 331419 | M29: =IF(OR(C29="NO", C29="YES"), C29, IF(OR(K29="NO", K29="YES"), K29, C29)) -> YES | N29: =IF(OR(C29="NO", C29="YES"), D29, IF(OR(K29="NO", K29="YES"), SUM(D29, L29), SUM(D29, L29))) -> 82397 | O29: TRUE | P29: 182500 | Q29: YES | R29: 8395 | S29: ERROR | T29: 11450 | U29: TIMEOUT | V29: 1211747 | W29: yes | X29: 545 | Y29: YES | Z29: 983
B30: Incorrect_Update_for_Loop_Iterator_1_NT.c | C30: NO | D30: 175403 | E30: TIMEOUT | F30: 300771 | G30: NO | H30: 1515 | I30: UNKNOWN | J30: 31359 | K30: =IF(OR(E30="NO", E30="YES"), E30, IF(I30=FALSE, G30, E30)) -> TIMEOUT | L30: =IF(OR(E30="NO", E30="YES"), F30, IF(I30=FALSE, SUM(F30, J30, H30), SUM(F30, J30))) -> 332130 | M30: =IF(OR(C30="NO", C30="YES"), C30, IF(OR(K30="NO", K30="YES"), K30, C30)) -> NO | N30: =IF(OR(C30="NO", C30="YES"), D30, IF(OR(K30="NO", K30="YES"), SUM(D30, L30), SUM(D30, L30))) -> 175403 | O30: FALSE | P30: 2061 | Q30: NO | R30: 20315 | S30: FALSE | T30: 2375 | U30: UNKNOWN | V30: 1200975 | W30: unknown | X30: 450 | Y30: NO | Z30: 529 | AA30: Overflow/Underflow
B31: Incorrect_Update_for_Loop_Iterator_1_T.c | C31: YES | D31: 10760 | E31: YES | F31: 12007 | G31: YES | H31: 373 | I31: TRUE | J31: 5218 | K31: =IF(OR(E31="NO", E31="YES"), E31, IF(I31=FALSE, G31, E31)) -> YES | L31: =IF(OR(E31="NO", E31="YES"), F31, IF(I31=FALSE, SUM(F31, J31, H31), SUM(F31, J31))) -> 12007 | M31: =IF(OR(C31="NO", C31="YES"), C31, IF(OR(K31="NO", K31="YES"), K31, C31)) -> YES | N31: =IF(OR(C31="NO", C31="YES"), D31, IF(OR(K31="NO", K31="YES"), SUM(D31, L31), SUM(D31, L31))) -> 10760 | O31: TRUE | P31: 117565 | Q31: YES | R31: 3458 | S31: TRUE | T31: 5640 | U31: TRUE | V31: 18126 | W31: unknown | X31: 442 | Y31: YES | Z31: 642 | AA31: Overflow/Underflow
B32: Incorrect_Update_for_Loop_Iterator_2_NT.c | C32: NO | D32: 420 | E32: TIMEOUT | F32: 301407 | G32: NO | H32: 385 | I32: TRUE | J32: 4381 | K32: =IF(OR(E32="NO", E32="YES"), E32, IF(I32=FALSE, G32, E32)) -> TIMEOUT | L32: =IF(OR(E32="NO", E32="YES"), F32, IF(I32=FALSE, SUM(F32, J32, H32), SUM(F32, J32))) -> 305788 | M32: =IF(OR(C32="NO", C32="YES"), C32, IF(OR(K32="NO", K32="YES"), K32, C32)) -> NO | N32: =IF(OR(C32="NO", C32="YES"), D32, IF(OR(K32="NO", K32="YES"), SUM(D32, L32), SUM(D32, L32))) -> 420 | O32: FALSE | P32: 61966 | Q32: TIMEOUT | R32: 1210032 | S32: UNKNOWN | T32: 22863 | U32: ERROR | V32: 6712 | W32: unknown | X32: 432 | Y32: NO | Z32: 443 | AA32: Overflow/Underflow
B33: Incorrect_Update_for_Loop_Iterator_2_T.c | C33: YES | D33: 946 | E33: YES | F33: 11891 | G33: NO | H33: 387 | I33: TRUE | J33: 4422 | K33: =IF(OR(E33="NO", E33="YES"), E33, IF(I33=FALSE, G33, E33)) -> YES | L33: =IF(OR(E33="NO", E33="YES"), F33, IF(I33=FALSE, SUM(F33, J33, H33), SUM(F33, J33))) -> 11891 | M33: =IF(OR(C33="NO", C33="YES"), C33, IF(OR(K33="NO", K33="YES"), K33, C33)) -> YES | N33: =IF(OR(C33="NO", C33="YES"), D33, IF(OR(K33="NO", K33="YES"), SUM(D33, L33), SUM(D33, L33))) -> 946 | O33: TRUE | P33: 124469 | Q33: TIMEOUT | R33: 1210032 | S33: UNKNOWN | T33: 24955 | U33: TRUE | V33: 5708 | W33: yes | X33: 362 | Y33: NO | Z33: 582 | AA33: Overflow/Underflow
B34: Incorrect_Update_for_Loop_Iterator_3_NT.c | C34: NO | D34: 538 | E34: NO | F34: 6478 | G34: NO | H34: 388 | I34: FALSE | J34: 4528 | K34: =IF(OR(E34="NO", E34="YES"), E34, IF(I34=FALSE, G34, E34)) -> NO | L34: =IF(OR(E34="NO", E34="YES"), F34, IF(I34=FALSE, SUM(F34, J34, H34), SUM(F34, J34))) -> 6478 | M34: =IF(OR(C34="NO", C34="YES"), C34, IF(OR(K34="NO", K34="YES"), K34, C34)) -> NO | N34: =IF(OR(C34="NO", C34="YES"), D34, IF(OR(K34="NO", K34="YES"), SUM(D34, L34), SUM(D34, L34))) -> 538 | O34: FALSE | P34: 2056 | Q34: NO | R34: 8250 | S34: FALSE | T34: 2253 | U34: UNKNOWN | V34: 1201030 | W34: unknown | X34: 392 | Y34: NO | Z34: 414 | AA34: Overflow/Underflow
B35: Missing_Corner-case_Handling_1_NT.c | C35: NO | D35: 457 | E35: NO | F35: 2488 | G35: NO | H35: 392 | I35: TRUE | J35: 4476 | K35: =IF(OR(E35="NO", E35="YES"), E35, IF(I35=FALSE, G35, E35)) -> NO | L35: =IF(OR(E35="NO", E35="YES"), F35, IF(I35=FALSE, SUM(F35, J35, H35), SUM(F35, J35))) -> 2488 | M35: =IF(OR(C35="NO", C35="YES"), C35, IF(OR(K35="NO", K35="YES"), K35, C35)) -> NO | N35: =IF(OR(C35="NO", C35="YES"), D35, IF(OR(K35="NO", K35="YES"), SUM(D35, L35), SUM(D35, L35))) -> 457 | O35: FALSE | P35: 2081 | Q35: NO | R35: 9249 | S35: ERROR | T35: 6626 | U35: UNKNOWN | V35: 7997 | W35: unknown | X35: 457 | Y35: NO | Z35: 452
B36: Missing_Corner-case_Handling_1_T.c | C36: YES | D36: 549 | E36: YES | F36: 2484 | G36: YES | H36: 392 | I36: TRUE | J36: 4443 | K36: =IF(OR(E36="NO", E36="YES"), E36, IF(I36=FALSE, G36, E36)) -> YES | L36: =IF(OR(E36="NO", E36="YES"), F36, IF(I36=FALSE, SUM(F36, J36, H36), SUM(F36, J36))) -> 2484 | M36: =IF(OR(C36="NO", C36="YES"), C36, IF(OR(K36="NO", K36="YES"), K36, C36)) -> YES | N36: =IF(OR(C36="NO", C36="YES"), D36, IF(OR(K36="NO", K36="YES"), SUM(D36, L36), SUM(D36, L36))) -> 549 | O36: TRUE | P36: 192199 | Q36: YES | R36: 4988 | S36: TRUE | T36: 3001 | U36: TRUE | V36: 7922 | W36: unknown | X36: 455 | Y36: YES | Z36: 3454
B37: Missing_Corner-case_Handling_2_NT.c | C37: NO | D37: 514 | E37: ERROR | F37: 319 | G37: ERROR | H37: 263 | I37: UNKNOWN | J37: 31262 | K37: =IF(OR(E37="NO", E37="YES"), E37, IF(I37=FALSE, G37, E37)) -> ERROR | L37: =IF(OR(E37="NO", E37="YES"), F37, IF(I37=FALSE, SUM(F37, J37, H37), SUM(F37, J37))) -> 31581 | M37: =IF(OR(C37="NO", C37="YES"), C37, IF(OR(K37="NO", K37="YES"), K37, C37)) -> NO | N37: =IF(OR(C37="NO", C37="YES"), D37, IF(OR(K37="NO", K37="YES"), SUM(D37, L37), SUM(D37, L37))) -> 514 | O37: INCONCLUSIVE | P37: 156308 | Q37: MAYBE | R37: 2576 | S37: FALSE | T37: 2568 | U37: UNKNOWN | V37: 1201099 | W37: unknown | X37: 517 | Y37: NO | Z37: 670 | AA37: Bit Calculation
B38: Missing_Corner-case_Handling_2_T.c | C38: YES | D38: 532 | E38: ERROR | F38: 303 | G38: ERROR | H38: 331 | I38: TRUE | J38: 15971 | K38: =IF(OR(E38="NO", E38="YES"), E38, IF(I38=FALSE, G38, E38)) -> ERROR | L38: =IF(OR(E38="NO", E38="YES"), F38, IF(I38=FALSE, SUM(F38, J38, H38), SUM(F38, J38))) -> 16274 | M38: =IF(OR(C38="NO", C38="YES"), C38, IF(OR(K38="NO", K38="YES"), K38, C38)) -> YES | N38: =IF(OR(C38="NO", C38="YES"), D38, IF(OR(K38="NO", K38="YES"), SUM(D38, L38), SUM(D38, L38))) -> 532 | O38: TRUE | P38: 34583 | Q38: MAYBE | R38: 2615 | S38: TRUE | T38: 2878 | U38: UNKNOWN | V38: 1201019 | W38: yes | X38: 417 | Y38: NO | Z38: 616 | AA38: Bit Calculation
B39: Missing_Corner-case_Handling_3_NT.c | C39: TIMEOUT | D39: 600420 | E39: TIMEOUT | F39: 300800 | G39: TIMEOUT | H39: 270332 | I39: UNKNOWN | J39: 31205 | K39: =IF(OR(E39="NO", E39="YES"), E39, IF(I39=FALSE, G39, E39)) -> TIMEOUT | L39: =IF(OR(E39="NO", E39="YES"), F39, IF(I39=FALSE, SUM(F39, J39, H39), SUM(F39, J39))) -> 332005 | M39: =IF(OR(C39="NO", C39="YES"), C39, IF(OR(K39="NO", K39="YES"), K39, C39)) -> TIMEOUT | N39: =IF(OR(C39="NO", C39="YES"), D39, IF(OR(K39="NO", K39="YES"), SUM(D39, L39), SUM(D39, L39))) -> 932425 | O39: INCONCLUSIVE | P39: 301744 | Q39: MAYBE | R39: 3414 | S39: UNKNOWN | T39: 51521 | U39: UNKNOWN | V39: 8807 | W39: unknown | X39: 1398 | Y39: NO | Z39: 3374 | AA39: Two-Dimentional Array
B40: Missing_Corner-case_Handling_3_T.c | C40: TIMEOUT | D40: 600454 | E40: TIMEOUT | F40: 300826 | G40: YES | H40: 38902 | I40: TRUE | J40: 6725 | K40: =IF(OR(E40="NO", E40="YES"), E40, IF(I40=FALSE, G40, E40)) -> TIMEOUT | L40: =IF(OR(E40="NO", E40="YES"), F40, IF(I40=FALSE, SUM(F40, J40, H40), SUM(F40, J40))) -> 307551 | M40: =IF(OR(C40="NO", C40="YES"), C40, IF(OR(K40="NO", K40="YES"), K40, C40)) -> TIMEOUT | N40: =IF(OR(C40="NO", C40="YES"), D40, IF(OR(K40="NO", K40="YES"), SUM(D40, L40), SUM(D40, L40))) -> 908005 | O40: TRUE | P40: 182602 | Q40: MAYBE | R40: 3446 | S40: TRUE | T40: 15334 | U40: UNKNOWN | V40: 8787 | W40: yes | X40: 1204 | Y40: TIMEOUT | Z40: 1210030 | AA40: Two-Dimentional Array
B41: Missing_Corner-case_Handling_4_NT.c | C41: TIMEOUT | D41: 600535 | E41: TIMEOUT | F41: 300470 | G41: TIMEOUT | H41: 270351 | I41: TIMEOUT | J41: 3741 | K41: =IF(OR(E41="NO", E41="YES"), E41, IF(I41=FALSE, G41, E41)) -> TIMEOUT | L41: =IF(OR(E41="NO", E41="YES"), F41, IF(I41=FALSE, SUM(F41, J41, H41), SUM(F41, J41))) -> 304211 | M41: =IF(OR(C41="NO", C41="YES"), C41, IF(OR(K41="NO", K41="YES"), K41, C41)) -> TIMEOUT | N41: =IF(OR(C41="NO", C41="YES"), D41, IF(OR(K41="NO", K41="YES"), SUM(D41, L41), SUM(D41, L41))) -> 904746 | O41: FALSE | P41: 3081 | Q41: MAYBE | R41: 4363 | S41: TIMEOUT | T41: 1200355 | U41: ERROR | V41: 3862 | W41: unknown | X41: 4636 | Y41: ERROR | Z41: 541 | AA41: Pointer + Structure
B42: Missing_Corner-case_Handling_4_T.c | C42: TIMEOUT | D42: 600452 | E42: TIMEOUT | F42: 300390 | G42: TIMEOUT | H42: 270381 | I42: TIMEOUT | J42: 3708 | K42: =IF(OR(E42="NO", E42="YES"), E42, IF(I42=FALSE, G42, E42)) -> TIMEOUT | L42: =IF(OR(E42="NO", E42="YES"), F42, IF(I42=FALSE, SUM(F42, J42, H42), SUM(F42, J42))) -> 304098 | M42: =IF(OR(C42="NO", C42="YES"), C42, IF(OR(K42="NO", K42="YES"), K42, C42)) -> TIMEOUT | N42: =IF(OR(C42="NO", C42="YES"), D42, IF(OR(K42="NO", K42="YES"), SUM(D42, L42), SUM(D42, L42))) -> 904550 | O42: TRUE | P42: 182892 | Q42: MAYBE | R42: 4638 | S42: TIMEOUT | T42: 1200433 | U42: ERROR | V42: 3857 | W42: unknown | X42: 4608 | Y42: ERROR | Z42: 413 | AA42: Pointer + Structure
B43: Missing_Initialization_1_NT.c | C43: NO | D43: 939 | E43: NO | F43: 2524 | G43: NO | H43: 376 | I43: UNKNOWN | J43: 31288 | K43: =IF(OR(E43="NO", E43="YES"), E43, IF(I43=FALSE, G43, E43)) -> NO | L43: =IF(OR(E43="NO", E43="YES"), F43, IF(I43=FALSE, SUM(F43, J43, H43), SUM(F43, J43))) -> 2524 | M43: =IF(OR(C43="NO", C43="YES"), C43, IF(OR(K43="NO", K43="YES"), K43, C43)) -> NO | N43: =IF(OR(C43="NO", C43="YES"), D43, IF(OR(K43="NO", K43="YES"), SUM(D43, L43), SUM(D43, L43))) -> 939 | O43: FALSE | P43: 2682 | Q43: NO | R43: 6285 | S43: FALSE | T43: 3346 | U43: UNKNOWN | V43: 1201040 | W43: unknown | X43: 716 | Y43: NO | Z43: 713
B44: Missing_Initialization_1_T.c | C44: TIMEOUT | D44: 600488 | E44: YES | F44: 3930 | G44: YES | H44: 462 | I44: TRUE | J44: 4454 | K44: =IF(OR(E44="NO", E44="YES"), E44, IF(I44=FALSE, G44, E44)) -> YES | L44: =IF(OR(E44="NO", E44="YES"), F44, IF(I44=FALSE, SUM(F44, J44, H44), SUM(F44, J44))) -> 3930 | M44: =IF(OR(C44="NO", C44="YES"), C44, IF(OR(K44="NO", K44="YES"), K44, C44)) -> YES | N44: =IF(OR(C44="NO", C44="YES"), D44, IF(OR(K44="NO", K44="YES"), SUM(D44, L44), SUM(D44, L44))) -> 604418 | O44: TRUE | P44: 187619 | Q44: YES | R44: 7289 | S44: TRUE | T44: 3316 | U44: UNKNOWN | V44: 55095 | W44: unknown | X44: 415 | Y44: YES | Z44: 9606
B45: Missing_Iterator_Update_1_NT.c | C45: NO | D45: 485 | E45: NO | F45: 462 | G45: NO | H45: 363 | I45: TRUE | J45: 4242 | K45: =IF(OR(E45="NO", E45="YES"), E45, IF(I45=FALSE, G45, E45)) -> NO | L45: =IF(OR(E45="NO", E45="YES"), F45, IF(I45=FALSE, SUM(F45, J45, H45), SUM(F45, J45))) -> 462 | M45: =IF(OR(C45="NO", C45="YES"), C45, IF(OR(K45="NO", K45="YES"), K45, C45)) -> NO | N45: =IF(OR(C45="NO", C45="YES"), D45, IF(OR(K45="NO", K45="YES"), SUM(D45, L45), SUM(D45, L45))) -> 485 | O45: INCONCLUSIVE | P45: 298661 | Q45: NO | R45: 7110 | S45: FALSE | T45: 2435 | U45: UNKNOWN | V45: 1201093 | W45: unknown | X45: 403 | Y45: NO | Z45: 983
B46: Missing_Iterator_Update_1_T.c | C46: YES | D46: 3269 | E46: YES | F46: 895 | G46: YES | H46: 684 | I46: TRUE | J46: 4259 | K46: =IF(OR(E46="NO", E46="YES"), E46, IF(I46=FALSE, G46, E46)) -> YES | L46: =IF(OR(E46="NO", E46="YES"), F46, IF(I46=FALSE, SUM(F46, J46, H46), SUM(F46, J46))) -> 895 | M46: =IF(OR(C46="NO", C46="YES"), C46, IF(OR(K46="NO", K46="YES"), K46, C46)) -> YES | N46: =IF(OR(C46="NO", C46="YES"), D46, IF(OR(K46="NO", K46="YES"), SUM(D46, L46), SUM(D46, L46))) -> 3269 | O46: TRUE | P46: 178265 | Q46: YES | R46: 4927 | S46: TRUE | T46: 4939 | U46: ERROR | V46: 3947 | W46: unknown | X46: 377 | Y46: YES | Z46: 2697
B47: Missing_Iterator_Update_2_NT.c | C47: NO | D47: 559 | E47: NO | F47: 2496 | G47: NO | H47: 368 | I47: TRUE | J47: 5023 | K47: =IF(OR(E47="NO", E47="YES"), E47, IF(I47=FALSE, G47, E47)) -> NO | L47: =IF(OR(E47="NO", E47="YES"), F47, IF(I47=FALSE, SUM(F47, J47, H47), SUM(F47, J47))) -> 2496 | M47: =IF(OR(C47="NO", C47="YES"), C47, IF(OR(K47="NO", K47="YES"), K47, C47)) -> NO | N47: =IF(OR(C47="NO", C47="YES"), D47, IF(OR(K47="NO", K47="YES"), SUM(D47, L47), SUM(D47, L47))) -> 559 | O47: FALSE | P47: 2045 | Q47: NO | R47: 6766 | S47: FALSE | T47: 5270 | U47: UNKNOWN | V47: 1201053 | W47: unknown | X47: 355 | Y47: NO | Z47: 1071
B48: Missing_Iterator_Update_2_T.c | C48: YES | D48: 18471 | E48: YES | F48: 3442 | G48: YES | H48: 483 | I48: TRUE | J48: 5465 | K48: =IF(OR(E48="NO", E48="YES"), E48, IF(I48=FALSE, G48, E48)) -> YES | L48: =IF(OR(E48="NO", E48="YES"), F48, IF(I48=FALSE, SUM(F48, J48, H48), SUM(F48, J48))) -> 3442 | M48: =IF(OR(C48="NO", C48="YES"), C48, IF(OR(K48="NO", K48="YES"), K48, C48)) -> YES | N48: =IF(OR(C48="NO", C48="YES"), D48, IF(OR(K48="NO", K48="YES"), SUM(D48, L48), SUM(D48, L48))) -> 18471 | O48: FALSE | P48: 2014 | Q48: YES | R48: 6003 | S48: TRUE | T48: 5202 | U48: TRUE | V48: 8465 | W48: unknown | X48: 352 | Y48: YES | Z48: 25811
B49: Missing_Iterator_Update_3_NT.c | C49: TIMEOUT | D49: 600631 | E49: TIMEOUT | F49: 301188 | G49: NO | H49: 4581 | I49: UNKNOWN | J49: 31115 | K49: =IF(OR(E49="NO", E49="YES"), E49, IF(I49=FALSE, G49, E49)) -> TIMEOUT | L49: =IF(OR(E49="NO", E49="YES"), F49, IF(I49=FALSE, SUM(F49, J49, H49), SUM(F49, J49))) -> 332303 | M49: =IF(OR(C49="NO", C49="YES"), C49, IF(OR(K49="NO", K49="YES"), K49, C49)) -> TIMEOUT | N49: =IF(OR(C49="NO", C49="YES"), D49, IF(OR(K49="NO", K49="YES"), SUM(D49, L49), SUM(D49, L49))) -> 932934 | O49: FALSE | P49: 3369 | Q49: MAYBE | R49: 9911 | S49: UNKNOWN | T49: 27799 | U49: UNKNOWN | V49: 6825 | W49: error | X49: 272 | Y49: NO | Z49: 5012 | AA49: Pointer + Array
B50: Missing_Iterator_Update_3_T.c | C50: TIMEOUT | D50: 600606 | E50: TIMEOUT | F50: 301191 | G50: TIMEOUT | H50: 270285 | I50: UNKNOWN | J50: 31361 | K50: =IF(OR(E50="NO", E50="YES"), E50, IF(I50=FALSE, G50, E50)) -> TIMEOUT | L50: =IF(OR(E50="NO", E50="YES"), F50, IF(I50=FALSE, SUM(F50, J50, H50), SUM(F50, J50))) -> 332552 | M50: =IF(OR(C50="NO", C50="YES"), C50, IF(OR(K50="NO", K50="YES"), K50, C50)) -> TIMEOUT | N50: =IF(OR(C50="NO", C50="YES"), D50, IF(OR(K50="NO", K50="YES"), SUM(D50, L50), SUM(D50, L50))) -> 933158 | O50: FALSE | P50: 3336 | Q50: MAYBE | R50: 10342 | S50: TRUE | T50: 4297 | U50: UNKNOWN | V50: 6814 | W50: error | X50: 285 | Y50: NO | Z50: 2722 | AA50: Pointer + Array
B51: Missing_Iterator_Update_4_NT.c | C51: NO | D51: 716 | E51: TIMEOUT | F51: 300517 | G51: NO | H51: 513 | I51: FALSE | J51: 4605 | K51: =IF(OR(E51="NO", E51="YES"), E51, IF(I51=FALSE, G51, E51)) -> NO | L51: =IF(OR(E51="NO", E51="YES"), F51, IF(I51=FALSE, SUM(F51, J51, H51), SUM(F51, J51))) -> 305635 | M51: =IF(OR(C51="NO", C51="YES"), C51, IF(OR(K51="NO", K51="YES"), K51, C51)) -> NO | N51: =IF(OR(C51="NO", C51="YES"), D51, IF(OR(K51="NO", K51="YES"), SUM(D51, L51), SUM(D51, L51))) -> 716 | O51: INCONCLUSIVE | P51: 301919 | Q51: NO | R51: 10005 | S51: FALSE | T51: 2702 | U51: UNKNOWN | V51: 9665 | W51: unknown | X51: 698 | Y51: NO | Z51: 1425
B52: Missing_Iterator_Update_4_T.c | C52: YES | D52: 67008 | E52: YES | F52: 32235 | G52: YES | H52: 1903 | I52: FALSE | J52: 4671 | K52: =IF(OR(E52="NO", E52="YES"), E52, IF(I52=FALSE, G52, E52)) -> YES | L52: =IF(OR(E52="NO", E52="YES"), F52, IF(I52=FALSE, SUM(F52, J52, H52), SUM(F52, J52))) -> 32235 | M52: =IF(OR(C52="NO", C52="YES"), C52, IF(OR(K52="NO", K52="YES"), K52, C52)) -> YES | N52: =IF(OR(C52="NO", C52="YES"), D52, IF(OR(K52="NO", K52="YES"), SUM(D52, L52), SUM(D52, L52))) -> 67008 | O52: TRUE | P52: 182903 | Q52: YES | R52: 10792 | S52: TRUE | T52: 3767 | U52: TRUE | V52: 8757 | W52: yes | X52: 459 | Y52: YES | Z52: 15972
B53: Missing_Iterator_Update_5_NT.c | C53: NO | D53: 1858 | E53: NO | F53: 9884 | G53: NO | H53: 385 | I53: TRUE | J53: 4536 | K53: =IF(OR(E53="NO", E53="YES"), E53, IF(I53=FALSE, G53, E53)) -> NO | L53: =IF(OR(E53="NO", E53="YES"), F53, IF(I53=FALSE, SUM(F53, J53, H53), SUM(F53, J53))) -> 9884 | M53: =IF(OR(C53="NO", C53="YES"), C53, IF(OR(K53="NO", K53="YES"), K53, C53)) -> NO | N53: =IF(OR(C53="NO", C53="YES"), D53, IF(OR(K53="NO", K53="YES"), SUM(D53, L53), SUM(D53, L53))) -> 1858 | O53: FALSE | P53: 2284 | Q53: MAYBE | R53: 73484 | S53: FALSE | T53: 3872 | U53: ERROR | V53: 5048 | W53: unknown | X53: 391 | Y53: NO | Z53: 1162 | AA53: Array
B54: Missing_Iterator_Update_5_T.c | C54: YES | D54: 794 | E54: YES | F54: 5077 | G54: YES | H54: 517 | I54: TRUE | J54: 4478 | K54: =IF(OR(E54="NO", E54="YES"), E54, IF(I54=FALSE, G54, E54)) -> YES | L54: =IF(OR(E54="NO", E54="YES"), F54, IF(I54=FALSE, SUM(F54, J54, H54), SUM(F54, J54))) -> 5077 | M54: =IF(OR(C54="NO", C54="YES"), C54, IF(OR(K54="NO", K54="YES"), K54, C54)) -> YES | N54: =IF(OR(C54="NO", C54="YES"), D54, IF(OR(K54="NO", K54="YES"), SUM(D54, L54), SUM(D54, L54))) -> 794 | O54: TRUE | P54: 181992 | Q54: YES | R54: 10728 | S54: TRUE | T54: 3715 | U54: ERROR | V54: 5005 | W54: yes | X54: 412 | Y54: YES | Z54: 2103 | AA54: Array
B55: Misusing_Variable_Type_1_NT.c | C55: NO | D55: 425 | E55: NO | F55: 4604 | G55: YES | H55: 1208 | I55: UNKNOWN | J55: 31336 | K55: =IF(OR(E55="NO", E55="YES"), E55, IF(I55=FALSE, G55, E55)) -> NO | L55: =IF(OR(E55="NO", E55="YES"), F55, IF(I55=FALSE, SUM(F55, J55, H55), SUM(F55, J55))) -> 4604 | M55: =IF(OR(C55="NO", C55="YES"), C55, IF(OR(K55="NO", K55="YES"), K55, C55)) -> NO | N55: =IF(OR(C55="NO", C55="YES"), D55, IF(OR(K55="NO", K55="YES"), SUM(D55, L55), SUM(D55, L55))) -> 425 | O55: TRUE | P55: 181698 | Q55: MAYBE | R55: 4262 | S55: TIMEOUT | T55: 1200268 | U55: TIMEOUT | V55: 1211742 | W55: no | X55: 321 | Y55: TIMEOUT | Z55: 1210035 | AA55: Overflow/Underflow
B56: Misusing_Variable_Type_1_T.c | C56: YES | D56: 29307 | E56: YES | F56: 6637 | G56: YES | H56: 911 | I56: UNKNOWN | J56: 31212 | K56: =IF(OR(E56="NO", E56="YES"), E56, IF(I56=FALSE, G56, E56)) -> YES | L56: =IF(OR(E56="NO", E56="YES"), F56, IF(I56=FALSE, SUM(F56, J56, H56), SUM(F56, J56))) -> 6637 | M56: =IF(OR(C56="NO", C56="YES"), C56, IF(OR(K56="NO", K56="YES"), K56, C56)) -> YES | N56: =IF(OR(C56="NO", C56="YES"), D56, IF(OR(K56="NO", K56="YES"), SUM(D56, L56), SUM(D56, L56))) -> 29307 | O56: TRUE | P56: 64891 | Q56: YES | R56: 9562 | S56: TIMEOUT | T56: 1200308 | U56: TIMEOUT | V56: 1211814 | W56: yes | X56: 407 | Y56: YES | Z56: 514596 | AA56: Overflow/Underflow
B57: Misusing_Variable_Type_2_NT.c | C57: NO | D57: 729 | E57: TIMEOUT | F57: 300852 | G57: YES | H57: 380 | I57: TRUE | J57: 4461 | K57: =IF(OR(E57="NO", E57="YES"), E57, IF(I57=FALSE, G57, E57)) -> TIMEOUT | L57: =IF(OR(E57="NO", E57="YES"), F57, IF(I57=FALSE, SUM(F57, J57, H57), SUM(F57, J57))) -> 305313 | M57: =IF(OR(C57="NO", C57="YES"), C57, IF(OR(K57="NO", K57="YES"), K57, C57)) -> NO | N57: =IF(OR(C57="NO", C57="YES"), D57, IF(OR(K57="NO", K57="YES"), SUM(D57, L57), SUM(D57, L57))) -> 729 | O57: TRUE | P57: 31410 | Q57: YES | R57: 5257 | S57: UNKNOWN | T57: 10035 | U57: UNKNOWN | V57: 1202217 | W57: unknown | X57: 427 | Y57: NO | Z57: 1009 | AA57: Overflow/Underflow
B58: Misusing_Variable_Type_2_T.c | C58: YES | D58: 514 | E58: YES | F58: 1492 | G58: YES | H58: 351 | I58: TRUE | J58: 4449 | K58: =IF(OR(E58="NO", E58="YES"), E58, IF(I58=FALSE, G58, E58)) -> YES | L58: =IF(OR(E58="NO", E58="YES"), F58, IF(I58=FALSE, SUM(F58, J58, H58), SUM(F58, J58))) -> 1492 | M58: =IF(OR(C58="NO", C58="YES"), C58, IF(OR(K58="NO", K58="YES"), K58, C58)) -> YES | N58: =IF(OR(C58="NO", C58="YES"), D58, IF(OR(K58="NO", K58="YES"), SUM(D58, L58), SUM(D58, L58))) -> 514 | O58: TRUE | P58: 31545 | Q58: YES | R58: 5332 | S58: TRUE | T58: 2884 | U58: UNKNOWN | V58: 1202164 | W58: yes | X58: 647 | Y58: YES | Z58: 1487 | AA58: Overflow/Underflow
B59: Reusing_Same_Loop_Iterator_1_NT.c | C59: NO | D59: 524 | E59: NO | F59: 5593 | G59: NO | H59: 355 | I59: TRUE | J59: 4763 | K59: =IF(OR(E59="NO", E59="YES"), E59, IF(I59=FALSE, G59, E59)) -> NO | L59: =IF(OR(E59="NO", E59="YES"), F59, IF(I59=FALSE, SUM(F59, J59, H59), SUM(F59, J59))) -> 5593 | M59: =IF(OR(C59="NO", C59="YES"), C59, IF(OR(K59="NO", K59="YES"), K59, C59)) -> NO | N59: =IF(OR(C59="NO", C59="YES"), D59, IF(OR(K59="NO", K59="YES"), SUM(D59, L59), SUM(D59, L59))) -> 524 | O59: FALSE | P59: 2683 | Q59: NO | R59: 8294 | S59: TIMEOUT | T59: 1200279 | U59: UNKNOWN | V59: 7500 | W59: unknown | X59: 379 | Y59: NO | Z59: 1303
B60: Reusing_Same_Loop_Iterator_1_T.c | C60: YES | D60: 88758 | E60: YES | F60: 9765 | G60: YES | H60: 1298 | I60: TRUE | J60: 4833 | K60: =IF(OR(E60="NO", E60="YES"), E60, IF(I60=FALSE, G60, E60)) -> YES | L60: =IF(OR(E60="NO", E60="YES"), F60, IF(I60=FALSE, SUM(F60, J60, H60), SUM(F60, J60))) -> 9765 | M60: =IF(OR(C60="NO", C60="YES"), C60, IF(OR(K60="NO", K60="YES"), K60, C60)) -> YES | N60: =IF(OR(C60="NO", C60="YES"), D60, IF(OR(K60="NO", K60="YES"), SUM(D60, L60), SUM(D60, L60))) -> 88758 | O60: TRUE | P60: 182291 | Q60: YES | R60: 9316 | S60: TRUE | T60: 3532 | U60: TRUE | V60: 7067 | W60: yes | X60: 377 | Y60: YES | Z60: 79897
B61: Reusing_Same_Loop_Iterator_2_NT.c | C61: NO | D61: 744 | E61: NO | F61: 23308 | G61: NO | H61: 3027 | I61: TRUE | J61: 4578 | K61: =IF(OR(E61="NO", E61="YES"), E61, IF(I61=FALSE, G61, E61)) -> NO | L61: =IF(OR(E61="NO", E61="YES"), F61, IF(I61=FALSE, SUM(F61, J61, H61), SUM(F61, J61))) -> 23308 | M61: =IF(OR(C61="NO", C61="YES"), C61, IF(OR(K61="NO", K61="YES"), K61, C61)) -> NO | N61: =IF(OR(C61="NO", C61="YES"), D61, IF(OR(K61="NO", K61="YES"), SUM(D61, L61), SUM(D61, L61))) -> 744 | O61: FALSE | P61: 3309 | Q61: MAYBE | R61: 6848 | S61: FALSE | T61: 12358 | U61: UNKNOWN | V61: 7611 | W61: unknown | X61: 334 | Y61: NO | Z61: 5045
B62: Reusing_Same_Loop_Iterator_2_T.c | C62: YES | D62: 13788 | E62: YES | F62: 6534 | G62: YES | H62: 783 | I62: TRUE | J62: 5033 | K62: =IF(OR(E62="NO", E62="YES"), E62, IF(I62=FALSE, G62, E62)) -> YES | L62: =IF(OR(E62="NO", E62="YES"), F62, IF(I62=FALSE, SUM(F62, J62, H62), SUM(F62, J62))) -> 6534 | M62: =IF(OR(C62="NO", C62="YES"), C62, IF(OR(K62="NO", K62="YES"), K62, C62)) -> YES | N62: =IF(OR(C62="NO", C62="YES"), D62, IF(OR(K62="NO", K62="YES"), SUM(D62, L62), SUM(D62, L62))) -> 13788 | O62: TRUE | P62: 182704 | Q62: YES | R62: 7415 | S62: TRUE | T62: 3465 | U62: TRUE | V62: 7059 | W62: yes | X62: 325 | Y62: YES | Z62: 4857
B63: Signed_Overflow_Error_1_T.c | C63: YES | D63: 935 | E63: ERROR | F63: 400 | G63: ERROR | H63: 263 | I63: TRUE | J63: 4233 | K63: =IF(OR(E63="NO", E63="YES"), E63, IF(I63=FALSE, G63, E63)) -> ERROR | L63: =IF(OR(E63="NO", E63="YES"), F63, IF(I63=FALSE, SUM(F63, J63, H63), SUM(F63, J63))) -> 4633 | M63: =IF(OR(C63="NO", C63="YES"), C63, IF(OR(K63="NO", K63="YES"), K63, C63)) -> YES | N63: =IF(OR(C63="NO", C63="YES"), D63, IF(OR(K63="NO", K63="YES"), SUM(D63, L63), SUM(D63, L63))) -> 935 | O63: TRUE | P63: 7522 | Q63: TIMEOUT | R63: 1200133 | S63: TRUE | T63: 3134 | U63: UNKNOWN | V63: 1201096 | W63: unknown | X63: 340 | Y63: NO | Z63: 929 | AA63: Bit Calculation + Overflow/Underflow | AB63: unsafe
B64: Signed_Overflow_Error_1_T.c | C64: YES | D64: 823 | E64: ERROR | F64: 312 | G64: ERROR | H64: 261 | I64: TRUE | J64: 4382 | K64: =IF(OR(E64="NO", E64="YES"), E64, IF(I64=FALSE, G64, E64)) -> ERROR | L64: =IF(OR(E64="NO", E64="YES"), F64, IF(I64=FALSE, SUM(F64, J64, H64), SUM(F64, J64))) -> 4694 | M64: =IF(OR(C64="NO", C64="YES"), C64, IF(OR(K64="NO", K64="YES"), K64, C64)) -> YES | N64: =IF(OR(C64="NO", C64="YES"), D64, IF(OR(K64="NO", K64="YES"), SUM(D64, L64), SUM(D64, L64))) -> 823 | O64: TRUE | P64: 7413 | Q64: TIMEOUT | R64: 1200136 | S64: TRUE | T64: 3248 | U64: UNKNOWN | V64: 1201083 | W64: unknown | X64: 408 | Y64: NO | Z64: 1143 | AA64: Bit Calculation + Overflow/Underflow | AB64: unsafe
B65: Signed_Overflow_Error_2_NT.c | C65: NO | D65: 6365 | E65: ERROR | F65: 314 | G65: ERROR | H65: 280 | I65: FALSE | J65: 9791 | K65: =IF(OR(E65="NO", E65="YES"), E65, IF(I65=FALSE, G65, E65)) -> ERROR | L65: =IF(OR(E65="NO", E65="YES"), F65, IF(I65=FALSE, SUM(F65, J65, H65), SUM(F65, J65))) -> 10385 | M65: =IF(OR(C65="NO", C65="YES"), C65, IF(OR(K65="NO", K65="YES"), K65, C65)) -> NO | N65: =IF(OR(C65="NO", C65="YES"), D65, IF(OR(K65="NO", K65="YES"), SUM(D65, L65), SUM(D65, L65))) -> 6365 | O65: FALSE | P65: 5994 | Q65: MAYBE | R65: 2530 | S65: TRUE | T65: 2772 | U65: UNKNOWN | V65: 1201045 | W65: unknown | X65: 309 | Y65: NO | Z65: 904 | AA65: Bit Calculation + Overflow/Underflow | AB65: unsafe
B66: Signed_Overflow_Error_2_T.c | C66: TIMEOUT | D66: 600406 | E66: ERROR | F66: 365 | G66: ERROR | H66: 253 | I66: FALSE | J66: 9904 | K66: =IF(OR(E66="NO", E66="YES"), E66, IF(I66=FALSE, G66, E66)) -> ERROR | L66: =IF(OR(E66="NO", E66="YES"), F66, IF(I66=FALSE, SUM(F66, J66, H66), SUM(F66, J66))) -> 10522 | M66: =IF(OR(C66="NO", C66="YES"), C66, IF(OR(K66="NO", K66="YES"), K66, C66)) -> TIMEOUT | N66: =IF(OR(C66="NO", C66="YES"), D66, IF(OR(K66="NO", K66="YES"), SUM(D66, L66), SUM(D66, L66))) -> 610928 | O66: TRUE | P66: 8322 | Q66: MAYBE | R66: 2720 | S66: TRUE | T66: 2874 | U66: UNKNOWN | V66: 1201123 | W66: unknown | X66: 309 | Y66: NO | Z66: 842 | AA66: Bit Calculation + Overflow/Underflow | AB66: unsafe
B67: Signed_Overflow_Error_3_NT.c | C67: NO | D67: 7507 | E67: TIMEOUT | F67: 300414 | G67: YES | H67: 579 | I67: TRUE | J67: 14823 | K67: =IF(OR(E67="NO", E67="YES"), E67, IF(I67=FALSE, G67, E67)) -> TIMEOUT | L67: =IF(OR(E67="NO", E67="YES"), F67, IF(I67=FALSE, SUM(F67, J67, H67), SUM(F67, J67))) -> 315237 | M67: =IF(OR(C67="NO", C67="YES"), C67, IF(OR(K67="NO", K67="YES"), K67, C67)) -> NO | N67: =IF(OR(C67="NO", C67="YES"), D67, IF(OR(K67="NO", K67="YES"), SUM(D67, L67), SUM(D67, L67))) -> 7507 | O67: TRUE | P67: 38165 | Q67: YES | R67: 5331 | S67: TRUE | T67: 3286 | U67: TRUE | V67: 6189 | W67: unknown | X67: 566 | Y67: YES | Z67: 1871 | AA67: Overflow/Underflow | AB67: unsafe
B68: Signed_Overflow_Error_3_T.c | C68: YES | D68: 588 | E68: YES | F68: 2534 | G68: YES | H68: 370 | I68: TRUE | J68: 14212 | K68: =IF(OR(E68="NO", E68="YES"), E68, IF(I68=FALSE, G68, E68)) -> YES | L68: =IF(OR(E68="NO", E68="YES"), F68, IF(I68=FALSE, SUM(F68, J68, H68), SUM(F68, J68))) -> 2534 | M68: =IF(OR(C68="NO", C68="YES"), C68, IF(OR(K68="NO", K68="YES"), K68, C68)) -> YES | N68: =IF(OR(C68="NO", C68="YES"), D68, IF(OR(K68="NO", K68="YES"), SUM(D68, L68), SUM(D68, L68))) -> 588 | O68: TRUE | P68: 35577 | Q68: MAYBE | R68: 2565 | S68: TIMEOUT | T68: 1200261 | U68: TRUE | V68: 10173 | W68: yes | X68: 310 | Y68: YES | Z68: 943 | AA68: Overflow/Underflow | AB68: unsafe
B69: Type_Conversion_in_Assignment_1_NT.c | C69: NO | D69: 418 | E69: NO | F69: 447 | G69: YES | H69: 387 | I69: FALSE | J69: 4658 | K69: =IF(OR(E69="NO", E69="YES"), E69, IF(I69=FALSE, G69, E69)) -> NO | L69: =IF(OR(E69="NO", E69="YES"), F69, IF(I69=FALSE, SUM(F69, J69, H69), SUM(F69, J69))) -> 447 | M69: =IF(OR(C69="NO", C69="YES"), C69, IF(OR(K69="NO", K69="YES"), K69, C69)) -> NO | N69: =IF(OR(C69="NO", C69="YES"), D69, IF(OR(K69="NO", K69="YES"), SUM(D69, L69), SUM(D69, L69))) -> 418 | O69: FALSE | P69: 2149 | Q69: MAYBE | R69: 95038 | S69: TIMEOUT | T69: 1200403 | U69: TRUE | V69: 7574 | W69: unknown | X69: 393 | Y69: NO | Z69: 914 | AA69: Overflow/Underflow
B70: Type_Conversion_in_Assignment_1_T.c | C70: YES | D70: 443 | E70: YES | F70: 2453 | G70: YES | H70: 414 | I70: FALSE | J70: 4642 | K70: =IF(OR(E70="NO", E70="YES"), E70, IF(I70=FALSE, G70, E70)) -> YES | L70: =IF(OR(E70="NO", E70="YES"), F70, IF(I70=FALSE, SUM(F70, J70, H70), SUM(F70, J70))) -> 2453 | M70: =IF(OR(C70="NO", C70="YES"), C70, IF(OR(K70="NO", K70="YES"), K70, C70)) -> YES | N70: =IF(OR(C70="NO", C70="YES"), D70, IF(OR(K70="NO", K70="YES"), SUM(D70, L70), SUM(D70, L70))) -> 443 | O70: FALSE | P70: 2062 | Q70: YES | R70: 58339 | S70: TRUE | T70: 4210 | U70: TRUE | V70: 7571 | W70: unknown | X70: 393 | Y70: YES | Z70: 2168 | AA70: Overflow/Underflow
B71: Type_Conversion_in_Comparison_1_NT.c | C71: NO | D71: 1153 | E71: TIMEOUT | F71: 300670 | G71: YES | H71: 368 | I71: TRUE | J71: 4543 | K71: =IF(OR(E71="NO", E71="YES"), E71, IF(I71=FALSE, G71, E71)) -> TIMEOUT | L71: =IF(OR(E71="NO", E71="YES"), F71, IF(I71=FALSE, SUM(F71, J71, H71), SUM(F71, J71))) -> 305213 | M71: =IF(OR(C71="NO", C71="YES"), C71, IF(OR(K71="NO", K71="YES"), K71, C71)) -> NO | N71: =IF(OR(C71="NO", C71="YES"), D71, IF(OR(K71="NO", K71="YES"), SUM(D71, L71), SUM(D71, L71))) -> 1153 | O71: TRUE | P71: 181561 | Q71: MAYBE | R71: 5353 | S71: UNKNOWN | T71: 34624 | U71: TRUE | V71: 5763 | W71: unknown | X71: 333 | Y71: NO | Z71: 1133 | AA71: Overflow/Underflow
B72: Type_Conversion_in_Comparison_1_T.c | C72: YES | D72: 603 | E72: YES | F72: 5995 | G72: YES | H72: 382 | I72: TRUE | J72: 4372 | K72: =IF(OR(E72="NO", E72="YES"), E72, IF(I72=FALSE, G72, E72)) -> YES | L72: =IF(OR(E72="NO", E72="YES"), F72, IF(I72=FALSE, SUM(F72, J72, H72), SUM(F72, J72))) -> 5995 | M72: =IF(OR(C72="NO", C72="YES"), C72, IF(OR(K72="NO", K72="YES"), K72, C72)) -> YES | N72: =IF(OR(C72="NO", C72="YES"), D72, IF(OR(K72="NO", K72="YES"), SUM(D72, L72), SUM(D72, L72))) -> 603 | O72: TRUE | P72: 37694 | Q72: YES | R72: 5095 | S72: TRUE | T72: 2822 | U72: TRUE | V72: 6058 | W72: yes | X72: 316 | Y72: YES | Z72: 1256 | AA72: Overflow/Underflow
B73: Type_Conversion_in_Comparison_2_NT.c | C73: NO | D73: 519 | E73: NO | F73: 3555 | G73: NO | H73: 371 | I73: TRUE | J73: 4341 | K73: =IF(OR(E73="NO", E73="YES"), E73, IF(I73=FALSE, G73, E73)) -> NO | L73: =IF(OR(E73="NO", E73="YES"), F73, IF(I73=FALSE, SUM(F73, J73, H73), SUM(F73, J73))) -> 3555 | M73: =IF(OR(C73="NO", C73="YES"), C73, IF(OR(K73="NO", K73="YES"), K73, C73)) -> NO | N73: =IF(OR(C73="NO", C73="YES"), D73, IF(OR(K73="NO", K73="YES"), SUM(D73, L73), SUM(D73, L73))) -> 519 | O73: FALSE | P73: 46703 | Q73: MAYBE | R73: 4478 | S73: UNKNOWN | T73: 11344 | U73: UNKNOWN | V73: 1201038 | W73: unknown | X73: 302 | Y73: ERROR | Z73: 627 | AA73: Overflow/Underflow
B74: Type_Conversion_in_Comparison_2_T.c | C74: TIMEOUT | D74: 600423 | E74: TIMEOUT | F74: 300412 | G74: NO | H74: 385 | I74: TRUE | J74: 4300 | K74: =IF(OR(E74="NO", E74="YES"), E74, IF(I74=FALSE, G74, E74)) -> TIMEOUT | L74: =IF(OR(E74="NO", E74="YES"), F74, IF(I74=FALSE, SUM(F74, J74, H74), SUM(F74, J74))) -> 304712 | M74: =IF(OR(C74="NO", C74="YES"), C74, IF(OR(K74="NO", K74="YES"), K74, C74)) -> TIMEOUT | N74: =IF(OR(C74="NO", C74="YES"), D74, IF(OR(K74="NO", K74="YES"), SUM(D74, L74), SUM(D74, L74))) -> 905135 | O74: TRUE | P74: 75564 | Q74: MAYBE | R74: 4842 | S74: UNKNOWN | T74: 15266 | U74: UNKNOWN | V74: 1201144 | W74: unknown | X74: 302 | Y74: ERROR | Z74: 877 | AA74: Overflow/Underflow
B75: Undefined_Behavior_1_T.c | C75: YES | D75: 529 | E75: ERROR | F75: 315 | G75: ERROR | H75: 265 | I75: FALSE | J75: 4643 | K75: =IF(OR(E75="NO", E75="YES"), E75, IF(I75=FALSE, G75, E75)) -> ERROR | L75: =IF(OR(E75="NO", E75="YES"), F75, IF(I75=FALSE, SUM(F75, J75, H75), SUM(F75, J75))) -> 5223 | M75: =IF(OR(C75="NO", C75="YES"), C75, IF(OR(K75="NO", K75="YES"), K75, C75)) -> YES | N75: =IF(OR(C75="NO", C75="YES"), D75, IF(OR(K75="NO", K75="YES"), SUM(D75, L75), SUM(D75, L75))) -> 529 | O75: TRUE | P75: 43554 | Q75: MAYBE | R75: 5150 | S75: UNKNOWN | T75: 4874 | U75: TIMEOUT | V75: 12780 | W75: yes | X75: 313 | Y75: NO | Z75: 747 | AA75: Bit Calculation + Overflow/Underflow | AB75: unsafe
B76: Undefined_Behavior_1_T.c | C76: YES | D76: 682 | E76: ERROR | F76: 332 | G76: ERROR | H76: 259 | I76: FALSE | J76: 4472 | K76: =IF(OR(E76="NO", E76="YES"), E76, IF(I76=FALSE, G76, E76)) -> ERROR | L76: =IF(OR(E76="NO", E76="YES"), F76, IF(I76=FALSE, SUM(F76, J76, H76), SUM(F76, J76))) -> 5063 | M76: =IF(OR(C76="NO", C76="YES"), C76, IF(OR(K76="NO", K76="YES"), K76, C76)) -> YES | N76: =IF(OR(C76="NO", C76="YES"), D76, IF(OR(K76="NO", K76="YES"), SUM(D76, L76), SUM(D76, L76))) -> 682 | O76: TRUE | P76: 48330 | Q76: MAYBE | R76: 4763 | S76: FALSE | T76: 3023 | U76: ERROR | V76: 6600 | W76: yes | X76: 350 | Y76: NO | Z76: 877 | AA76: Bit Calculation + Overflow/Underflow | AB76: unsafe
B77: Undefined_Behavior_2_T.c | C77: TIMEOUT | D77: 600485 | E77: ERROR | F77: 314 | G77: ERROR | H77: 246 | I77: UNKNOWN | J77: 30943 | K77: =IF(OR(E77="NO", E77="YES"), E77, IF(I77=FALSE, G77, E77)) -> ERROR | L77: =IF(OR(E77="NO", E77="YES"), F77, IF(I77=FALSE, SUM(F77, J77, H77), SUM(F77, J77))) -> 31257 | M77: =IF(OR(C77="NO", C77="YES"), C77, IF(OR(K77="NO", K77="YES"), K77, C77)) -> TIMEOUT | N77: =IF(OR(C77="NO", C77="YES"), D77, IF(OR(K77="NO", K77="YES"), SUM(D77, L77), SUM(D77, L77))) -> 631742 | O77: TRUE | P77: 182404 | Q77: MAYBE | R77: 93433 | S77: UNKNOWN | T77: 4062 | U77: UNKNOWN | V77: 1200989 | W77: unknown | X77: 462 | Y77: NO | Z77: 993 | AA77: Bit Calculation + Overflow/Underflow | AB77: unsafe
B78: Undefined_Behavior_2_T.c | C78: TIMEOUT | D78: 600384 | E78: ERROR | F78: 307 | G78: ERROR | H78: 256 | I78: UNKNOWN | J78: 30953 | K78: =IF(OR(E78="NO", E78="YES"), E78, IF(I78=FALSE, G78, E78)) -> ERROR | L78: =IF(OR(E78="NO", E78="YES"), F78, IF(I78=FALSE, SUM(F78, J78, H78), SUM(F78, J78))) -> 31260 | M78: =IF(OR(C78="NO", C78="YES"), C78, IF(OR(K78="NO", K78="YES"), K78, C78)) -> TIMEOUT | N78: =IF(OR(C78="NO", C78="YES"), D78, IF(OR(K78="NO", K78="YES"), SUM(D78, L78), SUM(D78, L78))) -> 631644 | O78: TRUE | P78: 182399 | Q78: MAYBE | R78: 92904 | S78: UNKNOWN | T78: 4075 | U78: UNKNOWN | V78: 1201084 | W78: unknown | X78: 450 | Y78: NO | Z78: 1034 | AA78: Bit Calculation + Overflow/Underflow | AB78: unsafe
B79: Undefined_Behavior_3_T.c | C79: YES | D79: 521 | E79: ERROR | F79: 306 | G79: ERROR | H79: 275 | I79: TRUE | J79: 5748 | K79: =IF(OR(E79="NO", E79="YES"), E79, IF(I79=FALSE, G79, E79)) -> ERROR | L79: =IF(OR(E79="NO", E79="YES"), F79, IF(I79=FALSE, SUM(F79, J79, H79), SUM(F79, J79))) -> 6054 | M79: =IF(OR(C79="NO", C79="YES"), C79, IF(OR(K79="NO", K79="YES"), K79, C79)) -> YES | N79: =IF(OR(C79="NO", C79="YES"), D79, IF(OR(K79="NO", K79="YES"), SUM(D79, L79), SUM(D79, L79))) -> 521 | O79: TRUE | P79: 43694 | Q79: MAYBE | R79: 4993 | S79: UNKNOWN | T79: 4336 | U79: ERROR | V79: 5943 | W79: yes | X79: 333 | Y79: NO | Z79: 980 | AA79: Bit Calculation + Overflow/Underflow | AB79: unsafe
B80: Undefined_Behavior_3_T.c | C80: YES | D80: 605 | E80: ERROR | F80: 300 | G80: ERROR | H80: 259 | I80: TRUE | J80: 5795 | K80: =IF(OR(E80="NO", E80="YES"), E80, IF(I80=FALSE, G80, E80)) -> ERROR | L80: =IF(OR(E80="NO", E80="YES"), F80, IF(I80=FALSE, SUM(F80, J80, H80), SUM(F80, J80))) -> 6095 | M80: =IF(OR(C80="NO", C80="YES"), C80, IF(OR(K80="NO", K80="YES"), K80, C80)) -> YES | N80: =IF(OR(C80="NO", C80="YES"), D80, IF(OR(K80="NO", K80="YES"), SUM(D80, L80), SUM(D80, L80))) -> 605 | O80: TRUE | P80: 8010 | Q80: YES | R80: 3852 | S80: TRUE | T80: 2640 | U80: TRUE | V80: 6693 | W80: yes | X80: 292 | Y80: YES | Z80: 1403 | AA80: Bit Calculation + Overflow/Underflow | AB80: unsafe
B81: Unsigned_Wraparound_Error_1_NT.c | C81: NO | D81: 45693 | E81: TIMEOUT | F81: 300373 | G81: NO | H81: 517 | I81: FALSE | J81: 4636 | K81: =IF(OR(E81="NO", E81="YES"), E81, IF(I81=FALSE, G81, E81)) -> NO | L81: =IF(OR(E81="NO", E81="YES"), F81, IF(I81=FALSE, SUM(F81, J81, H81), SUM(F81, J81))) -> 305526 | M81: =IF(OR(C81="NO", C81="YES"), C81, IF(OR(K81="NO", K81="YES"), K81, C81)) -> NO | N81: =IF(OR(C81="NO", C81="YES"), D81, IF(OR(K81="NO", K81="YES"), SUM(D81, L81), SUM(D81, L81))) -> 45693 | O81: FALSE | P81: 2765 | Q81: TIMEOUT | R81: 1200154 | S81: UNKNOWN | T81: 33192 | U81: UNKNOWN | V81: 5871 | W81: unknown | X81: 373 | Y81: NO | Z81: 1050 | AA81: Overflow/Underflow
B82: Unsigned_Wraparound_Error_1_T.c | C82: YES | D82: 13246 | E82: YES | F82: 4652 | G82: YES | H82: 351 | I82: FALSE | J82: 4604 | K82: =IF(OR(E82="NO", E82="YES"), E82, IF(I82=FALSE, G82, E82)) -> YES | L82: =IF(OR(E82="NO", E82="YES"), F82, IF(I82=FALSE, SUM(F82, J82, H82), SUM(F82, J82))) -> 4652 | M82: =IF(OR(C82="NO", C82="YES"), C82, IF(OR(K82="NO", K82="YES"), K82, C82)) -> YES | N82: =IF(OR(C82="NO", C82="YES"), D82, IF(OR(K82="NO", K82="YES"), SUM(D82, L82), SUM(D82, L82))) -> 13246 | O82: TRUE | P82: 182306 | Q82: TIMEOUT | R82: 1200122 | S82: UNKNOWN | T82: 62726 | U82: UNKNOWN | V82: 5942 | W82: yes | X82: 328 | Y82: YES | Z82: 1020 | AA82: Overflow/Underflow
B83: Unsigned_Wraparound_Error_2_NT.c | C83: NO | D83: 9844 | E83: TIMEOUT | F83: 300659 | G83: YES | H83: 382 | I83: UNKNOWN | J83: 31116 | K83: =IF(OR(E83="NO", E83="YES"), E83, IF(I83=FALSE, G83, E83)) -> TIMEOUT | L83: =IF(OR(E83="NO", E83="YES"), F83, IF(I83=FALSE, SUM(F83, J83, H83), SUM(F83, J83))) -> 331775 | M83: =IF(OR(C83="NO", C83="YES"), C83, IF(OR(K83="NO", K83="YES"), K83, C83)) -> NO | N83: =IF(OR(C83="NO", C83="YES"), D83, IF(OR(K83="NO", K83="YES"), SUM(D83, L83), SUM(D83, L83))) -> 9844 | O83: FALSE | P83: 6033 | Q83: YES | R83: 5714 | S83: UNKNOWN | T83: 12117 | U83: TRUE | V83: 5816 | W83: unknown | X83: 392 | Y83: YES | Z83: 1277 | AA83: Overflow/Underflow
B84: Unsigned_Wraparound_Error_2_T.c | C84: YES | D84: 515 | E84: YES | F84: 3811 | G84: YES | H84: 376 | I84: UNKNOWN | J84: 31246 | K84: =IF(OR(E84="NO", E84="YES"), E84, IF(I84=FALSE, G84, E84)) -> YES | L84: =IF(OR(E84="NO", E84="YES"), F84, IF(I84=FALSE, SUM(F84, J84, H84), SUM(F84, J84))) -> 3811 | M84: =IF(OR(C84="NO", C84="YES"), C84, IF(OR(K84="NO", K84="YES"), K84, C84)) -> YES | N84: =IF(OR(C84="NO", C84="YES"), D84, IF(OR(K84="NO", K84="YES"), SUM(D84, L84), SUM(D84, L84))) -> 515 | O84: TRUE | P84: 8361 | Q84: MAYBE | R84: 3945 | S84: UNKNOWN | T84: 34036 | U84: TRUE | V84: 5852 | W84: yes | X84: 279 | Y84: YES | Z84: 742 | AA84: Overflow/Underflow
B85: Unsigned_Wraparound_Error_3_NT.c | C85: TIMEOUT | D85: 600359 | E85: NO | F85: 23575 | G85: NO | H85: 359 | I85: FALSE | J85: 4551 | K85: =IF(OR(E85="NO", E85="YES"), E85, IF(I85=FALSE, G85, E85)) -> NO | L85: =IF(OR(E85="NO", E85="YES"), F85, IF(I85=FALSE, SUM(F85, J85, H85), SUM(F85, J85))) -> 23575 | M85: =IF(OR(C85="NO", C85="YES"), C85, IF(OR(K85="NO", K85="YES"), K85, C85)) -> NO | N85: =IF(OR(C85="NO", C85="YES"), D85, IF(OR(K85="NO", K85="YES"), SUM(D85, L85), SUM(D85, L85))) -> 623934 | O85: FALSE | P85: 2707 | Q85: YES | R85: 6433 | S85: FALSE | T85: 3608 | U85: UNKNOWN | V85: 8767 | W85: unknown | X85: 325 | Y85: NO | Z85: 1072 | AA85: Overflow/Underflow
B86: Unsigned_Wraparound_Error_3_T.c | C86: YES | D86: 5577 | E86: YES | F86: 14766 | G86: NO | H86: 369 | I86: FALSE | J86: 4541 | K86: =IF(OR(E86="NO", E86="YES"), E86, IF(I86=FALSE, G86, E86)) -> YES | L86: =IF(OR(E86="NO", E86="YES"), F86, IF(I86=FALSE, SUM(F86, J86, H86), SUM(F86, J86))) -> 14766 | M86: =IF(OR(C86="NO", C86="YES"), C86, IF(OR(K86="NO", K86="YES"), K86, C86)) -> YES | N86: =IF(OR(C86="NO", C86="YES"), D86, IF(OR(K86="NO", K86="YES"), SUM(D86, L86), SUM(D86, L86))) -> 5577 | O86: TRUE | P86: 66036 | Q86: MAYBE | R86: 3616 | S86: UNKNOWN | T86: 11279 | U86: UNKNOWN | V86: 1201141 | W86: yes | X86: 294 | Y86: NO | Z86: 1041 | AA86: Overflow/Underflow
B87: Unsigned_Wraparound_Error_4_NT.c | C87: NO | D87: 451 | E87: TIMEOUT | F87: 300384 | G87: YES | H87: 361 | I87: TRUE | J87: 4465 | K87: =IF(OR(E87="NO", E87="YES"), E87, IF(I87=FALSE, G87, E87)) -> TIMEOUT | L87: =IF(OR(E87="NO", E87="YES"), F87, IF(I87=FALSE, SUM(F87, J87, H87), SUM(F87, J87))) -> 304849 | M87: =IF(OR(C87="NO", C87="YES"), C87, IF(OR(K87="NO", K87="YES"), K87, C87)) -> NO | N87: =IF(OR(C87="NO", C87="YES"), D87, IF(OR(K87="NO", K87="YES"), SUM(D87, L87), SUM(D87, L87))) -> 451 | O87: INCONCLUSIVE | P87: 301808 | Q87: NO | R87: 2763 | S87: UNKNOWN | T87: 11477 | U87: TRUE | V87: 5948 | W87: unknown | X87: 378 | Y87: YES | Z87: 895 | AA87: Overflow/Underflow
B88: Unsigned_Wraparound_Error_4_T.c | C88: YES | D88: 3956 | E88: YES | F88: 2503 | G88: YES | H88: 442 | I88: TRUE | J88: 4346 | K88: =IF(OR(E88="NO", E88="YES"), E88, IF(I88=FALSE, G88, E88)) -> YES | L88: =IF(OR(E88="NO", E88="YES"), F88, IF(I88=FALSE, SUM(F88, J88, H88), SUM(F88, J88))) -> 2503 | M88: =IF(OR(C88="NO", C88="YES"), C88, IF(OR(K88="NO", K88="YES"), K88, C88)) -> YES | N88: =IF(OR(C88="NO", C88="YES"), D88, IF(OR(K88="NO", K88="YES"), SUM(D88, L88), SUM(D88, L88))) -> 3956 | O88: TRUE | P88: 182349 | Q88: YES | R88: 4773 | S88: UNKNOWN | T88: 9509 | U88: UNKNOWN | V88: 5819 | W88: yes | X88: 295 | Y88: YES | Z88: 780 | AA88: Overflow/Underflow
B89: Using_Erroneous_Condition_1_NT.c | C89: NO | D89: 810 | E89: NO | F89: 36603 | G89: NO | H89: 497 | I89: TIMEOUT | J89: 3643 | K89: =IF(OR(E89="NO", E89="YES"), E89, IF(I89=FALSE, G89, E89)) -> NO | L89: =IF(OR(E89="NO", E89="YES"), F89, IF(I89=FALSE, SUM(F89, J89, H89), SUM(F89, J89))) -> 36603 | M89: =IF(OR(C89="NO", C89="YES"), C89, IF(OR(K89="NO", K89="YES"), K89, C89)) -> NO | N89: =IF(OR(C89="NO", C89="YES"), D89, IF(OR(K89="NO", K89="YES"), SUM(D89, L89), SUM(D89, L89))) -> 810 | O89: FALSE | P89: 2291 | Q89: MAYBE | R89: 2911 | S89: FALSE | T89: 3225 | U89: ERROR | V89: 3845 | W89: unknown | X89: 682 | Y89: NO | Z89: 1704 | AA89: Pointer + Structure
B90: Using_Erroneous_Condition_1_T.c | C90: TIMEOUT | D90: 600380 | E90: OOM ERROR | F90: 284711 | G90: TIMEOUT | H90: 270275 | I90: TIMEOUT | J90: 3682 | K90: =IF(OR(E90="NO", E90="YES"), E90, IF(I90=FALSE, G90, E90)) -> OOM ERROR | L90: =IF(OR(E90="NO", E90="YES"), F90, IF(I90=FALSE, SUM(F90, J90, H90), SUM(F90, J90))) -> 288393 | M90: =IF(OR(C90="NO", C90="YES"), C90, IF(OR(K90="NO", K90="YES"), K90, C90)) -> TIMEOUT | N90: =IF(OR(C90="NO", C90="YES"), D90, IF(OR(K90="NO", K90="YES"), SUM(D90, L90), SUM(D90, L90))) -> 888773 | O90: FALSE | P90: 6128 | Q90: MAYBE | R90: 2951 | S90: ERROR | T90: 15684 | U90: ERROR | V90: 3828 | W90: unknown | X90: 502 | Y90: NO | Z90: 4637 | AA90: Pointer + Structure
B91: Using_Erroneous_Condition_2_NT.c | C91: NO | D91: 442 | E91: NO | F91: 4461 | G91: NO | H91: 364 | I91: UNKNOWN | J91: 31239 | K91: =IF(OR(E91="NO", E91="YES"), E91, IF(I91=FALSE, G91, E91)) -> NO | L91: =IF(OR(E91="NO", E91="YES"), F91, IF(I91=FALSE, SUM(F91, J91, H91), SUM(F91, J91))) -> 4461 | M91: =IF(OR(C91="NO", C91="YES"), C91, IF(OR(K91="NO", K91="YES"), K91, C91)) -> NO | N91: =IF(OR(C91="NO", C91="YES"), D91, IF(OR(K91="NO", K91="YES"), SUM(D91, L91), SUM(D91, L91))) -> 442 | O91: INCONCLUSIVE | P91: 156380 | Q91: NO | R91: 5010 | S91: FALSE | T91: 2500 | U91: UNKNOWN | V91: 1201102 | W91: unknown | X91: 419 | Y91: NO | Z91: 1004
B92: Using_Erroneous_Condition_2_T.c | C92: YES | D92: 526 | E92: YES | F92: 4408 | G92: YES | H92: 370 | I92: TRUE | J92: 4352 | K92: =IF(OR(E92="NO", E92="YES"), E92, IF(I92=FALSE, G92, E92)) -> YES | L92: =IF(OR(E92="NO", E92="YES"), F92, IF(I92=FALSE, SUM(F92, J92, H92), SUM(F92, J92))) -> 4408 | M92: =IF(OR(C92="NO", C92="YES"), C92, IF(OR(K92="NO", K92="YES"), K92, C92)) -> YES | N92: =IF(OR(C92="NO", C92="YES"), D92, IF(OR(K92="NO", K92="YES"), SUM(D92, L92), SUM(D92, L92))) -> 526 | O92: TRUE | P92: 32150 | Q92: YES | R92: 4306 | S92: TRUE | T92: 2724 | U92: TRUE | V92: 5610 | W92: yes | X92: 311 | Y92: YES | Z92: 873
B93: Using_Erroneous_Condition_3_NT.c | C93: TIMEOUT | D93: 600330 | E93: TIMEOUT | F93: 301086 | G93: NO | H93: 480 | I93: FALSE | J93: 6864 | K93: =IF(OR(E93="NO", E93="YES"), E93, IF(I93=FALSE, G93, E93)) -> NO | L93: =IF(OR(E93="NO", E93="YES"), F93, IF(I93=FALSE, SUM(F93, J93, H93), SUM(F93, J93))) -> 308430 | M93: =IF(OR(C93="NO", C93="YES"), C93, IF(OR(K93="NO", K93="YES"), K93, C93)) -> NO | N93: =IF(OR(C93="NO", C93="YES"), D93, IF(OR(K93="NO", K93="YES"), SUM(D93, L93), SUM(D93, L93))) -> 908760 | O93: INCONCLUSIVE | P93: 301767 | Q93: MAYBE | R93: 8452 | S93: UNKNOWN | T93: 156005 | U93: UNKNOWN | V93: 9671 | W93: unknown | X93: 592 | Y93: ERROR | Z93: 933 | AA93: Array
B94: Using_Erroneous_Condition_3_T.c | C94: TIMEOUT | D94: 600410 | E94: TIMEOUT | F94: 300788 | G94: YES | H94: 23259 | I94: FALSE | J94: 7398 | K94: =IF(OR(E94="NO", E94="YES"), E94, IF(I94=FALSE, G94, E94)) -> YES | L94: =IF(OR(E94="NO", E94="YES"), F94, IF(I94=FALSE, SUM(F94, J94, H94), SUM(F94, J94))) -> 331445 | M94: =IF(OR(C94="NO", C94="YES"), C94, IF(OR(K94="NO", K94="YES"), K94, C94)) -> YES | N94: =IF(OR(C94="NO", C94="YES"), D94, IF(OR(K94="NO", K94="YES"), SUM(D94, L94), SUM(D94, L94))) -> 931855 | O94: TRUE | P94: 183179 | Q94: MAYBE | R94: 8528 | S94: TRUE | T94: 83260 | U94: UNKNOWN | V94: 12066 | W94: unknown | X94: 573 | Y94: ERROR | Z94: 810 | AA94: Array
A95: recursion | B95: Incorrect_Arguments_1_NT.c | C95: MAYBE | D95: 1563 | E95: MAYBE | F95: 1522 | G95: MAYBE | H95: 1438 | I95: UNKNOWN | J95: 4925 | K95: =IF(OR(E95="NO", E95="YES"), E95, IF(I95=FALSE, G95, E95)) -> MAYBE | L95: =IF(OR(E95="NO", E95="YES"), F95, IF(I95=FALSE, SUM(F95, J95, H95), SUM(F95, J95))) -> 6447 | M95: =IF(OR(C95="NO", C95="YES"), C95, IF(OR(K95="NO", K95="YES"), K95, C95)) -> MAYBE | N95: =IF(OR(C95="NO", C95="YES"), D95, IF(OR(K95="NO", K95="YES"), SUM(D95, L95), SUM(D95, L95))) -> 8010 | O95: INCONCLUSIVE | P95: 121536 | Q95: MAYBE | R95: 3628 | S95: FALSE | T95: 14363 | U95: ERROR | V95: 4446 | W95: error | X95: 936 | Y95: YES | Z95: 717 | AA95: Recursion
B96: Incorrect_Arguments_1_T.c | C96: MAYBE | D96: 1533 | E96: MAYBE | F96: 1568 | G96: MAYBE | H96: 1439 | I96: UNKNOWN | J96: 4882 | K96: =IF(OR(E96="NO", E96="YES"), E96, IF(I96=FALSE, G96, E96)) -> MAYBE | L96: =IF(OR(E96="NO", E96="YES"), F96, IF(I96=FALSE, SUM(F96, J96, H96), SUM(F96, J96))) -> 6450 | M96: =IF(OR(C96="NO", C96="YES"), C96, IF(OR(K96="NO", K96="YES"), K96, C96)) -> MAYBE | N96: =IF(OR(C96="NO", C96="YES"), D96, IF(OR(K96="NO", K96="YES"), SUM(D96, L96), SUM(D96, L96))) -> 7983 | O96: TRUE | P96: 1801 | Q96: MAYBE | R96: 3624 | S96: TRUE | T96: 2373 | U96: ERROR | V96: 4477 | W96: error | X96: 888 | Y96: YES | Z96: 870 | AA96: Recursion
B97: Incorrect_Cyclic_Invoking_1_NT.c | C97: MAYBE | D97: 1474 | E97: MAYBE | F97: 1534 | G97: MAYBE | H97: 1396 | I97: UNKNOWN | J97: 4249 | K97: =IF(OR(E97="NO", E97="YES"), E97, IF(I97=FALSE, G97, E97)) -> MAYBE | L97: =IF(OR(E97="NO", E97="YES"), F97, IF(I97=FALSE, SUM(F97, J97, H97), SUM(F97, J97))) -> 5783 | M97: =IF(OR(C97="NO", C97="YES"), C97, IF(OR(K97="NO", K97="YES"), K97, C97)) -> MAYBE | N97: =IF(OR(C97="NO", C97="YES"), D97, IF(OR(K97="NO", K97="YES"), SUM(D97, L97), SUM(D97, L97))) -> 7257 | O97: INCONCLUSIVE | P97: 121826 | Q97: MAYBE | R97: 7550 | S97: FALSE | T97: 3002 | U97: ERROR | V97: 3904 | W97: error | X97: 540 | Y97: YES | Z97: 678 | AA97: Recursion
B98: Incorrect_Cyclic_Invoking_1_T.c | C98: MAYBE | D98: 1631 | E98: MAYBE | F98: 1688 | G98: MAYBE | H98: 1576 | I98: TRUE | J98: 4252 | K98: =IF(OR(E98="NO", E98="YES"), E98, IF(I98=FALSE, G98, E98)) -> MAYBE | L98: =IF(OR(E98="NO", E98="YES"), F98, IF(I98=FALSE, SUM(F98, J98, H98), SUM(F98, J98))) -> 5940 | M98: =IF(OR(C98="NO", C98="YES"), C98, IF(OR(K98="NO", K98="YES"), K98, C98)) -> MAYBE | N98: =IF(OR(C98="NO", C98="YES"), D98, IF(OR(K98="NO", K98="YES"), SUM(D98, L98), SUM(D98, L98))) -> 7571 | O98: TRUE | P98: 1604 | Q98: YES | R98: 4206 | S98: TRUE | T98: 2209 | U98: TRUE | V98: 4389 | W98: yes | X98: 383 | Y98: YES | Z98: 577 | AA98: Recursion
B99: Incorrect_Cyclic_Invoking_2_NT.c | C99: MAYBE | D99: 578 | E99: MAYBE | F99: 655 | G99: MAYBE | H99: 575 | I99: ERROR | J99: 2643 | K99: =IF(OR(E99="NO", E99="YES"), E99, IF(I99=FALSE, G99, E99)) -> MAYBE | L99: =IF(OR(E99="NO", E99="YES"), F99, IF(I99=FALSE, SUM(F99, J99, H99), SUM(F99, J99))) -> 3298 | M99: =IF(OR(C99="NO", C99="YES"), C99, IF(OR(K99="NO", K99="YES"), K99, C99)) -> MAYBE | N99: =IF(OR(C99="NO", C99="YES"), D99, IF(OR(K99="NO", K99="YES"), SUM(D99, L99), SUM(D99, L99))) -> 3876 | O99: INCONCLUSIVE | P99: 1935 | Q99: MAYBE | R99: 2182 | S99: UNKNOWN | T99: 3060 | U99: ERROR | V99: 2662 | W99: error | X99: 248 | Y99: ERROR | Z99: 805 | AA99: Recursion
B100: Incorrect_Cyclic_Invoking_2_T.c | C100: MAYBE | D100: 574 | E100: MAYBE | F100: 598 | G100: MAYBE | H100: 563 | I100: ERROR | J100: 2608 | K100: =IF(OR(E100="NO", E100="YES"), E100, IF(I100=FALSE, G100, E100)) -> MAYBE | L100: =IF(OR(E100="NO", E100="YES"), F100, IF(I100=FALSE, SUM(F100, J100, H100), SUM(F100, J100))) -> 3206 | M100: =IF(OR(C100="NO", C100="YES"), C100, IF(OR(K100="NO", K100="YES"), K100, C100)) -> MAYBE | N100: =IF(OR(C100="NO", C100="YES"), D100, IF(OR(K100="NO", K100="YES"), SUM(D100, L100), SUM(D100, L100))) -> 3780 | O100: INCONCLUSIVE | P100: 1926 | Q100: MAYBE | R100: 2277 | S100: UNKNOWN | T100: 3012 | U100: ERROR | V100: 2656 | W100: error | X100: 268 | Y100: ERROR | Z100: 541 | AA100: Recursion
...

Sheet Charts
B2: Tool | C2: Category | D2: TermCOMP | E2: Shi et al. | R2: Tool | S2: Category | T2: Shi et al.
B3: Athena | C3: correct | D3: =(COUNTIFS(TermCOMP!S:S,"", TermCOMP!C:C, "YES", TermCOMP!D:D, "YES") + COUNTIFS(TermCOMP!S:S,"", TermCOMP!C:C, "NO", TermCOMP!D:D, "NO")) / (828 - COUNTIF(TermCOMP!S:S,"unsafe")) -> 0.7627965 | E3: =(COUNTIFS(FSE!AB:AB,"", FSE!B:B, "*_T.c", FSE!M:M, "YES") + COUNTIFS(FSE!AB:AB,"", FSE!B:B, "*_NT.c", FSE!M:M, "NO")) / (117 - COUNTIF(FSE!AB:AB,"unsafe")) -> 0.60952381 | R3: Athena_BV | S3: correct | T3: =(COUNTIFS(FSE!AB:AB,"", FSE!B:B, "*_T.c", FSE!C:C, "YES") + COUNTIFS(FSE!AB:AB,"", FSE!B:B, "*_NT.c", FSE!C:C, "NO")) / (117 - COUNTIF(FSE!AB:AB,"unsafe")) -> 0.55238095
C4: wrong | D4: =(COUNTIFS(TermCOMP!S:S,"", TermCOMP!C:C, "YES", TermCOMP!D:D, "NO") + COUNTIFS(TermCOMP!S:S,"", TermCOMP!C:C, "NO", TermCOMP!D:D, "YES")) / (828 - COUNTIF(TermCOMP!S:S,"unsafe")) -> 0 | E4: =(COUNTIFS(FSE!AB:AB,"", FSE!B:B, "*_T.c", FSE!M:M, "NO") + COUNTIFS(FSE!AB:AB,"", FSE!B:B, "*_NT.c", FSE!M:M, "YES") ) / (117 - COUNTIF(FSE!AB:AB,"unsafe")) -> 0 | S4: wrong | T4: =(COUNTIFS(FSE!AB:AB,"", FSE!B:B, "*_T.c", FSE!C:C, "NO") + COUNTIFS(FSE!AB:AB,"", FSE!B:B, "*_NT.c", FSE!C:C, "YES") ) / (117 - COUNTIF(FSE!AB:AB,"unsafe")) -> 0
C5: unknown | D5: =COUNTIFS(TermCOMP!S:S,"", TermCOMP!D:D, "MAYBE") / (828 - COUNTIF(TermCOMP!S:S,"unsafe")) -> 0.12234707 | E5: =COUNTIFS(FSE!AB:AB,"", FSE!M:M, "MAYBE") / (117 - COUNTIF(FSE!AB:AB,"unsafe")) -> 0.22857143 | S5: unknown | T5: =COUNTIFS(FSE!AB:AB,"", FSE!C:C, "MAYBE") / (117 - COUNTIF(FSE!AB:AB,"unsafe")) -> 0.22857143
C6: timeout | D6: =COUNTIFS(TermCOMP!S:S,"", TermCOMP!D:D, "TIMEOUT") / (828 - COUNTIF(TermCOMP!S:S,"unsafe")) -> 0.10986267 | E6: =COUNTIFS(FSE!AB:AB,"", FSE!M:M, "TIMEOUT") / (117 - COUNTIF(FSE!AB:AB,"unsafe")) -> 0.16190476 | S6: timeout | T6: =COUNTIFS(FSE!AB:AB,"", FSE!C:C, "TIMEOUT") / (117 - COUNTIF(FSE!AB:AB,"unsafe")) -> 0.21904762
C7: error | D7: =(COUNTIFS(TermCOMP!S:S,"", TermCOMP!D:D, "ERROR") + COUNTIFS(TermCOMP!S:S,"", TermCOMP!D:D, "OOM ERROR")) / (828 - COUNTIF(TermCOMP!S:S,"unsafe")) -> 0.0049937578 | E7: =(COUNTIFS(FSE!AB:AB,"", FSE!M:M, "ERROR") + COUNTIFS(FSE!AB:AB,"", FSE!M:M, "OOM ERROR")) / (117 - COUNTIF(FSE!AB:AB,"unsafe")) -> 0 | S7: abort | T7: =COUNTIFS(FSE!AB:AB,"", FSE!C:C, "ERROR") / (117 - COUNTIF(FSE!AB:AB,"unsafe")) -> 0
B8: Proton | C8: correct | D8: =(COUNTIFS(TermCOMP!S:S,"", TermCOMP!C:C, "YES", TermCOMP!F:F, "TRUE") + COUNTIFS(TermCOMP!S:S,"", TermCOMP!C:C, "NO", TermCOMP!F:F, "FALSE")) / (828 - COUNTIF(TermCOMP!S:S,"unsafe")) -> 0.75905119 | E8: =(COUNTIFS(FSE!AB:AB,"", FSE!B:B, "*_T.c", FSE!O:O, "TRUE") + COUNTIFS(FSE!AB:AB,"", FSE!B:B, "*_NT.c", FSE!O:O, "FALSE")) / (117 - COUNTIF(FSE!AB:AB,"unsafe")) -> 0.66666667 | S8: error | T8: =COUNTIFS(FSE!AB:AB,"", FSE!C:C, "OOM ERROR") / (117 - COUNTIF(FSE!AB:AB,"unsafe")) -> 0
C9: wrong | D9: =(COUNTIFS(TermCOMP!S:S,"", TermCOMP!C:C, "YES", TermCOMP!F:F, "FALSE") + COUNTIFS(TermCOMP!S:S,"", TermCOMP!C:C, "NO", TermCOMP!F:F, "TRUE")) / (828 - COUNTIF(TermCOMP!S:S,"unsafe")) -> 0.073657928 | E9: =(COUNTIFS(FSE!AB:AB,"", FSE!B:B, "*_T.c", FSE!O:O, "FALSE") + COUNTIFS(FSE!AB:AB,"", FSE!B:B, "*_NT.c", FSE!O:O, "TRUE")) / (117 - COUNTIF(FSE!AB:AB,"unsafe")) -> 0.085714286 | R9: Athena_MA | S9: correct | T9: =(COUNTIFS(FSE!AB:AB,"", FSE!B:B, "*_T.c", FSE!K:K, "YES") + COUNTIFS(FSE!AB:AB,"", FSE!B:B, "*_NT.c", FSE!K:K, "NO")) / (117 - COUNTIF(FSE!AB:AB,"unsafe")) -> 0.44761905
C10: unknown | D10: =COUNTIFS(TermCOMP!S:S,"", TermCOMP!F:F, "INCONCLUSIVE") / (828 - COUNTIF(TermCOMP!S:S,"unsafe")) -> 0.16479401 | E10: =COUNTIFS(FSE!AB:AB,"", FSE!O:O, "INCONCLUSIVE") / (117 - COUNTIF(FSE!AB:AB,"unsafe")) -> 0.24761905 | S10: wrong | T10: =(COUNTIFS(FSE!AB:AB,"", FSE!B:B, "*_T.c", FSE!K:K, "NO") + COUNTIFS(FSE!AB:AB,"", FSE!B:B, "*_NT.c", FSE!K:K, "YES") ) / (117 - COUNTIF(FSE!AB:AB,"unsafe")) -> 0
C11: timeout | D11: =COUNTIFS(TermCOMP!S:S,"", TermCOMP!F:F, "Terminated") / (828 - COUNTIF(TermCOMP!S:S,"unsafe")) -> 0 | E11: =COUNTIFS(FSE!AB:AB,"", FSE!O:O, "Terminated") / (117 - COUNTIF(FSE!AB:AB,"unsafe")) -> 0 | S11: unknown | T11: =COUNTIFS(FSE!AB:AB,"", FSE!K:K, "MAYBE") / (117 - COUNTIF(FSE!AB:AB,"unsafe")) -> 0.22857143
C12: error | D12: =COUNTIFS(TermCOMP!S:S,"", TermCOMP!F:F, "INTERNAL-ERROR") / (828 - COUNTIF(TermCOMP!S:S,"unsafe")) -> 0.0012484395 | E12: =COUNTIFS(FSE!AB:AB,"", FSE!O:O, "INTERNAL-ERROR") / (117 - COUNTIF(FSE!AB:AB,"unsafe")) -> 0 | S12: timeout | T12: =COUNTIFS(FSE!AB:AB,"", FSE!K:K, "TIMEOUT") / (117 - COUNTIF(FSE!AB:AB,"unsafe")) -> 0.23809524
B13: AProVE | C13: correct | D13: =(COUNTIFS(TermCOMP!S:S,"", TermCOMP!C:C, "YES", TermCOMP!H:H, "YES") + COUNTIFS(TermCOMP!S:S,"", TermCOMP!C:C, "NO", TermCOMP!H:H, "NO")) / (828 - COUNTIF(TermCOMP!S:S,"unsafe")) -> 0.72908864 | E13: =(COUNTIFS(FSE!AB:AB,"", FSE!B:B, "*_T.c", FSE!Q:Q, "YES") + COUNTIFS(FSE!AB:AB,"", FSE!B:B, "*_NT.c", FSE!Q:Q, "NO")) / (117 - COUNTIF(FSE!AB:AB,"unsafe")) -> 0.35238095 | S13: abort | T13: =COUNTIFS(FSE!AB:AB,"", FSE!K:K, "ERROR") / (117 - COUNTIF(FSE!AB:AB,"unsafe")) -> 0.076190476
C14: wrong | D14: =(COUNTIFS(TermCOMP!S:S,"", TermCOMP!C:C, "YES", TermCOMP!H:H, "NO") + COUNTIFS(TermCOMP!S:S,"", TermCOMP!C:C, "NO", TermCOMP!H:H, "YES")) / (828 - COUNTIF(TermCOMP!S:S,"unsafe")) -> 0 | E14: =(COUNTIFS(FSE!AB:AB,"", FSE!B:B, "*_T.c", FSE!Q:Q, "NO") + COUNTIFS(FSE!AB:AB,"", FSE!B:B, "*_NT.c", FSE!Q:Q, "YES")) / (117 - COUNTIF(FSE!AB:AB,"unsafe")) -> 0.028571429 | S14: error | T14: =COUNTIFS(FSE!AB:AB,"", FSE!K:K, "OOM ERROR") / (117 - COUNTIF(FSE!AB:AB,"unsafe")) -> 0.0095238095
C15: unknown | D15: =COUNTIFS(TermCOMP!S:S,"", TermCOMP!H:H, "MAYBE") / (828 - COUNTIF(TermCOMP!S:S,"unsafe")) -> 0.10486891 | E15: =COUNTIFS(FSE!AB:AB,"", FSE!Q:Q, "MAYBE") / (117 - COUNTIF(FSE!AB:AB,"unsafe")) -> 0.54285714 | R15: Athena | S15: correct | T15: =(COUNTIFS(FSE!AB:AB,"", FSE!B:B, "*_T.c", FSE!M:M, "YES") + COUNTIFS(FSE!AB:AB,"", FSE!B:B, "*_NT.c", FSE!M:M, "NO")) / (117 - COUNTIF(FSE!AB:AB,"unsafe")) -> 0.60952381
C16: timeout | D16: =COUNTIFS(TermCOMP!S:S,"", TermCOMP!H:H, "TIMEOUT") / (828 - COUNTIF(TermCOMP!S:S,"unsafe")) -> 0.084893883 | E16: =COUNTIFS(FSE!AB:AB,"", FSE!Q:Q, "TIMEOUT") / (117 - COUNTIF(FSE!AB:AB,"unsafe")) -> 0.066666667 | S16: wrong | T16: =(COUNTIFS(FSE!AB:AB,"", FSE!B:B, "*_T.c", FSE!M:M, "NO") + COUNTIFS(FSE!AB:AB,"", FSE!B:B, "*_NT.c", FSE!M:M, "YES") ) / (117 - COUNTIF(FSE!AB:AB,"unsafe")) -> 0
C17: error | D17: =COUNTIFS(TermCOMP!S:S,"", TermCOMP!H:H, "ERROR") / (828 - COUNTIF(TermCOMP!S:S,"unsafe")) -> 0.081148564 | E17: =COUNTIFS(FSE!AB:AB,"", FSE!Q:Q, "ERROR") / (117 - COUNTIF(FSE!AB:AB,"unsafe")) -> 0.0095238095 | S17: unknown | T17: =COUNTIFS(FSE!AB:AB,"", FSE!M:M, "MAYBE") / (117 - COUNTIF(FSE!AB:AB,"unsafe")) -> 0.22857143
B18: UAutomizer | C18: correct | D18: =(COUNTIFS(TermCOMP!S:S,"", TermCOMP!C:C, "YES", TermCOMP!J:J, "TRUE") + COUNTIFS(TermCOMP!S:S,"", TermCOMP!C:C, "NO", TermCOMP!J:J, "FALSE")) / (828 - COUNTIF(TermCOMP!S:S,"unsafe")) -> 0.78651685 | E18: =(COUNTIFS(FSE!AB:AB,"", FSE!B:B, "*_T.c", FSE!S:S, "TRUE") + COUNTIFS(FSE!AB:AB,"", FSE!B:B, "*_NT.c", FSE!S:S, "FALSE")) / (117 - COUNTIF(FSE!AB:AB,"unsafe")) -> 0.43809524 | S18: timeout | T18: =COUNTIFS(FSE!AB:AB,"", FSE!M:M, "TIMEOUT") / (117 - COUNTIF(FSE!AB:AB,"unsafe")) -> 0.16190476
C19: wrong | D19: =(COUNTIFS(TermCOMP!S:S,"", TermCOMP!C:C, "YES", TermCOMP!J:J, "FALSE") + COUNTIFS(TermCOMP!S:S,"", TermCOMP!C:C, "NO", TermCOMP!J:J, "TRUE")) / (828 - COUNTIF(TermCOMP!S:S,"unsafe")) -> 0 | E19: =(COUNTIFS(FSE!AB:AB,"", FSE!B:B, "*_T.c", FSE!S:S, "FALSE") + COUNTIFS(FSE!AB:AB,"", FSE!B:B, "*_NT.c", FSE!S:S, "TRUE")) / (117 - COUNTIF(FSE!AB:AB,"unsafe")) -> 0 | S19: abort | T19: =COUNTIFS(FSE!AB:AB,"", FSE!M:M, "ERROR") / (117 - COUNTIF(FSE!AB:AB,"unsafe")) -> 0
C20: unknown | D20: =COUNTIFS(TermCOMP!S:S,"", TermCOMP!J:J, "UNKNOWN") / (828 - COUNTIF(TermCOMP!S:S,"unsafe")) -> 0.18476904 | E20: =COUNTIFS(FSE!AB:AB,"", FSE!S:S, "UNKNOWN") / (117 - COUNTIF(FSE!AB:AB,"unsafe")) -> 0.35238095 | S20: error | T20: =COUNTIFS(FSE!AB:AB,"", FSE!M:M, "OOM ERROR") / (117 - COUNTIF(FSE!AB:AB,"unsafe")) -> 0
C21: timeout | D21: =COUNTIFS(TermCOMP!S:S,"", TermCOMP!J:J, "TIMEOUT") / (828 - COUNTIF(TermCOMP!S:S,"unsafe")) -> 0 | E21: =COUNTIFS(FSE!AB:AB,"", FSE!S:S, "TIMEOUT") / (117 - COUNTIF(FSE!AB:AB,"unsafe")) -> 0.14285714
C22: error | D22: =COUNTIFS(TermCOMP!S:S,"", TermCOMP!J:J, "ERROR") / (828 - COUNTIF(TermCOMP!S:S,"unsafe")) -> 0.028714107 | E22: =COUNTIFS(FSE!AB:AB,"", FSE!S:S, "ERROR") / (117 - COUNTIF(FSE!AB:AB,"unsafe")) -> 0.066666667
B23: CPAchecker | C23: correct | D23: =(COUNTIFS(TermCOMP!S:S,"", TermCOMP!C:C, "YES", TermCOMP!L:L, "TRUE") + COUNTIFS(TermCOMP!S:S,"", TermCOMP!C:C, "NO", TermCOMP!L:L, "FALSE")) / (828 - COUNTIF(TermCOMP!S:S,"unsafe")) -> 0.31210986 | E23: =(COUNTIFS(FSE!AB:AB,"", FSE!B:B, "*_T.c", FSE!U:U, "TRUE") + COUNTIFS(FSE!AB:AB,"", FSE!B:B, "*_NT.c", FSE!U:U, "FALSE")) / (117 - COUNTIF(FSE!AB:AB,"unsafe")) -> 0.12380952
C24: wrong | D24: =(COUNTIFS(TermCOMP!S:S,"", TermCOMP!C:C, "YES", TermCOMP!L:L, "FALSE") + COUNTIFS(TermCOMP!S:S,"", TermCOMP!C:C, "NO", TermCOMP!L:L, "TRUE")) / (828 - COUNTIF(TermCOMP!S:S,"unsafe")) -> 0.0037453184 | E24: =(COUNTIFS(FSE!AB:AB,"", FSE!B:B, "*_T.c", FSE!U:U, "FALSE") + COUNTIFS(FSE!AB:AB,"", FSE!B:B, "*_NT.c", FSE!U:U, "TRUE")) / (117 - COUNTIF(FSE!AB:AB,"unsafe")) -> 0.038095238
C25: unknown | D25: =COUNTIFS(TermCOMP!S:S,"", TermCOMP!L:L, "UNKNOWN") / (828 - COUNTIF(TermCOMP!S:S,"unsafe")) -> 0.56928839 | E25: =COUNTIFS(FSE!AB:AB,"", FSE!U:U, "UNKNOWN") / (117 - COUNTIF(FSE!AB:AB,"unsafe")) -> 0.4952381
C26: timeout | D26: =COUNTIFS(TermCOMP!S:S,"", TermCOMP!L:L, "TIMEOUT") / (828 - COUNTIF(TermCOMP!S:S,"unsafe")) -> 0.028714107 | E26: =COUNTIFS(FSE!AB:AB,"", FSE!U:U, "TIMEOUT") / (117 - COUNTIF(FSE!AB:AB,"unsafe")) -> 0.038095238
C27: error | D27: =COUNTIFS(TermCOMP!S:S,"", TermCOMP!L:L, "ERROR") / (828 - COUNTIF(TermCOMP!S:S,"unsafe")) -> 0.086142322 | E27: =COUNTIFS(FSE!AB:AB,"", FSE!U:U, "ERROR") / (117 - COUNTIF(FSE!AB:AB,"unsafe")) -> 0.3047619
B28: 2LS | C28: correct | D28: =(COUNTIFS(TermCOMP!S:S,"", TermCOMP!C:C, "YES", TermCOMP!N:N, "yes") + COUNTIFS(TermCOMP!S:S,"", TermCOMP!C:C, "NO", TermCOMP!N:N, "no")) / (828 - COUNTIF(TermCOMP!S:S,"unsafe")) -> 0.32709114 | E28: =(COUNTIFS(FSE!AB:AB,"", FSE!B:B, "*_T.c", FSE!W:W, "yes") + COUNTIFS(FSE!AB:AB,"", FSE!B:B, "*_NT.c", FSE!W:W, "no")) / (117 - COUNTIF(FSE!AB:AB,"unsafe")) -> 0.22857143
C29: wrong | D29: =(COUNTIFS(TermCOMP!S:S,"", TermCOMP!C:C, "YES", TermCOMP!N:N, "no") + COUNTIFS(TermCOMP!S:S,"", TermCOMP!C:C, "NO", TermCOMP!N:N, "yes")) / (828 - COUNTIF(TermCOMP!S:S,"unsafe")) -> 0.019975031 | E29: =(COUNTIFS(FSE!AB:AB,"", FSE!B:B, "*_T.c", FSE!W:W, "no") + COUNTIFS(FSE!AB:AB,"", FSE!B:B, "*_NT.c", FSE!W:W, "yes")) / (117 - COUNTIF(FSE!AB:AB,"unsafe")) -> 0.019047619
C30: unknown | D30: =COUNTIFS(TermCOMP!S:S,"", TermCOMP!N:N, "unknown") / (828 - COUNTIF(TermCOMP!S:S,"unsafe")) -> 0.43945069 | E30: =COUNTIFS(FSE!AB:AB,"", FSE!W:W, "unknown") / (117 - COUNTIF(FSE!AB:AB,"unsafe")) -> 0.55238095
C31: timeout | D31: =COUNTIFS(TermCOMP!S:S,"", TermCOMP!N:N, "timeout") / (828 - COUNTIF(TermCOMP!S:S,"unsafe")) -> 0.012484395 | E31: =COUNTIFS(FSE!AB:AB,"", FSE!W:W, "timeout") / (117 - COUNTIF(FSE!AB:AB,"unsafe")) -> 0
C32: error | D32: =COUNTIFS(TermCOMP!S:S,"", TermCOMP!N:N, "error") / (828 - COUNTIF(TermCOMP!S:S,"unsafe")) -> 0.20099875 | E32: =COUNTIFS(FSE!AB:AB,"", FSE!W:W, "error") / (117 - COUNTIF(FSE!AB:AB,"unsafe")) -> 0.2
B33: MuVal | C33: correct | D33: =(COUNTIFS(TermCOMP!S:S,"", TermCOMP!C:C, "YES", TermCOMP!P:P, "YES") + COUNTIFS(TermCOMP!S:S,"", TermCOMP!C:C, "NO", TermCOMP!P:P, "NO")) / (828 - COUNTIF(TermCOMP!S:S,"unsafe")) -> 0.65667915 | E33: =(COUNTIFS(FSE!AB:AB,"", FSE!B:B, "*_T.c", FSE!Y:Y, "YES") + COUNTIFS(FSE!AB:AB,"", FSE!B:B, "*_NT.c", FSE!Y:Y, "NO")) / (117 - COUNTIF(FSE!AB:AB,"unsafe")) -> 0.60952381
C34: wrong | D34: =(COUNTIFS(TermCOMP!S:S,"", TermCOMP!C:C, "YES", TermCOMP!P:P, "NO") + COUNTIFS(TermCOMP!S:S,"", TermCOMP!C:C, "NO", TermCOMP!P:P, "YES")) / (828 - COUNTIF(TermCOMP!S:S,"unsafe")) -> 0.16853933 | E34: =(COUNTIFS(FSE!AB:AB,"", FSE!B:B, "*_T.c", FSE!Y:Y, "NO") + COUNTIFS(FSE!AB:AB,"", FSE!B:B, "*_NT.c", FSE!Y:Y, "YES")) / (117 - COUNTIF(FSE!AB:AB,"unsafe")) -> 0.21904762
C35: unknown | D35: =COUNTIFS(TermCOMP!S:S,"", TermCOMP!P:P, "MAYBE") / (828 - COUNTIF(TermCOMP!S:S,"unsafe")) -> 0 | E35: =COUNTIFS(FSE!AB:AB,"", FSE!Y:Y, "MAYBE") / (117 - COUNTIF(FSE!AB:AB,"unsafe")) -> 0
C36: timeout | D36: =COUNTIFS(TermCOMP!S:S,"", TermCOMP!P:P, "TIMEOUT") / (828 - COUNTIF(TermCOMP!S:S,"unsafe")) -> 0.049937578 | E36: =COUNTIFS(FSE!AB:AB,"", FSE!Y:Y, "TIMEOUT") / (117 - COUNTIF(FSE!AB:AB,"unsafe")) -> 0.057142857
C37: error | D37: =COUNTIFS(TermCOMP!S:S,"", TermCOMP!P:P, "ERROR") / (828 - COUNTIF(TermCOMP!S:S,"unsafe")) -> 0.12484395 | E37: =COUNTIFS(FSE!AB:AB,"", FSE!Y:Y, "ERROR") / (117 - COUNTIF(FSE!AB:AB,"unsafe")) -> 0.11428571
B41: TermCOMP
B42: Matric | C42: Athena | D42: Prototn | E42: AProVE | F42: UAutomizer | G42: CPAchecker | H42: 2LS | I42: MuVal
B43: Avg. Runtime | C43: =AVERAGEIF(TermCOMP!S:S, "", TermCOMP!E2:E829) / 1000 -> 105.609 | D43: =AVERAGEIF(TermCOMP!S:S, "", TermCOMP!G2:G829) / 1000 -> 114.50298 | E43: =AVERAGEIF(TermCOMP!S:S, "", TermCOMP!I2:I829) / 1000 -> 115.9188 | F43: =AVERAGEIF(TermCOMP!S:S, "", TermCOMP!K2:K829) / 1000 -> 96.343588 | G43: =AVERAGEIF(TermCOMP!S:S, "", TermCOMP!M2:M829) / 1000 -> 230.87328 | H43: =AVERAGEIF(TermCOMP!S:S, "", TermCOMP!O2:O829) / 1000 -> 17.616303 | I43: =AVERAGEIF(TermCOMP!S:S, "", TermCOMP!Q2:Q829) / 1000 -> 59.460017
B45: Shi et al.
B46: Matric | C46: Athena_BV | D46: Athena_MA | E46: Athena | F46: Proton | G46: AProVE | H46: UAutomizer | I46: CPAchecker | J46: 2LS | K46: MuVal
B47: Avg. Runtime | C47: =AVERAGEIF(FSE!AB:AB, "", FSE!D2:D118) / 1000 -> 141.97782 | D47: =AVERAGEIF(FSE!AB:AB, "", FSE!L2:L118) / 1000 -> 105.9847 | E47: =AVERAGEIF(FSE!AB:AB, "", FSE!N2:N118) / 1000 -> 211.22595 | F47: =AVERAGEIF(FSE!AB:AB, "", FSE!P2:P118) / 1000 -> 89.938067 | G47: =AVERAGEIF(FSE!AB:AB, "", FSE!R2:R118) / 1000 -> 98.609476 | H47: =AVERAGEIF(FSE!AB:AB, "", FSE!T2:T118) / 1000 -> 170.70903 | I47: =AVERAGEIF(FSE!AB:AB, "", FSE!V2:V118) / 1000 -> 329.70268 | J47: =AVERAGEIF(FSE!AB:AB, "", FSE!X2:X118) / 1000 -> 0.50527619 | K47: =AVERAGEIF(FSE!AB:AB, "", FSE!Z2:Z118) / 1000 -> 79.625857
B51: TermCOMP
B52: Features (#instances) | E52: Category | F52: Athena | G52: Proton | H52: AProVE | I52: UAutomizer | J52: CPAchecker | K52: 2LS | L52: MuVal
B53: Pointer Manipulation | D53: {=SUMPRODUCT(--ISNUMBER(SEARCH("Pointer", TermCOMP!R:R)), --(TermCOMP!S:S=""))} -> 143 | E53: C | F53: {=SUMPRODUCT( --(TermCOMP!C:C="YES"), --(TermCOMP!D:D="YES"), --ISNUMBER(SEARCH("Pointer", TermCOMP!R:R)), --(TermCOMP!S:S="") ) + SUMPRODUCT( --(TermCOMP!C:C="NO"), --(TermCOMP!D:D="NO"), --ISNUMBER(SEARCH("Pointer", TermCOMP!R:R)), --(TermCOMP!S:S="") )} -> 95 | G53: {=SUMPRODUCT( --(TermCOMP!C:C="YES"), --(TermCOMP!F:F=TRUE), --ISNUMBER(SEARCH("Pointer", TermCOMP!R:R)), --(TermCOMP!S:S="") ) + SUMPRODUCT( --(TermCOMP!C:C="NO"), --(TermCOMP!F:F=FALSE), --ISNUMBER(SEARCH("Pointer", TermCOMP!R:R)), --(TermCOMP!S:S="") )} -> 106 | H53: {=SUMPRODUCT( --(TermCOMP!C:C="YES"), --(TermCOMP!H:H="YES"), --ISNUMBER(SEARCH("Pointer", TermCOMP!R:R)), --(TermCOMP!S:S="") ) + SUMPRODUCT( --(TermCOMP!C:C="NO"), --(TermCOMP!H:H="NO"), --ISNUMBER(SEARCH("Pointer", TermCOMP!R:R)), --(TermCOMP!S:S="") )} -> 111 | I53: {=SUMPRODUCT( --(TermCOMP!C:C="YES"), --(TermCOMP!J:J=TRUE), --ISNUMBER(SEARCH("Pointer", TermCOMP!R:R)), --(TermCOMP!S:S="") ) + SUMPRODUCT( --(TermCOMP!C:C="NO"), --(TermCOMP!J:J=FALSE), --ISNUMBER(SEARCH("Pointer", TermCOMP!R:R)), --(TermCOMP!S:S="") )} -> 94 | J53: {=SUMPRODUCT( --(TermCOMP!C:C="YES"), --(TermCOMP!L:L=TRUE), --ISNUMBER(SEARCH("Pointer", TermCOMP!R:R)), --(TermCOMP!S:S="") ) + SUMPRODUCT( --(TermCOMP!C:C="NO"), --(TermCOMP!L:L=FALSE), --ISNUMBER(SEARCH("Pointer", TermCOMP!R:R)), --(TermCOMP!S:S="") )} -> 0 | K53: {=SUMPRODUCT( --(TermCOMP!C:C="YES"), --(TermCOMP!N:N="yes"), --ISNUMBER(SEARCH("Pointer", TermCOMP!R:R)), --(TermCOMP!S:S="") ) + SUMPRODUCT( --(TermCOMP!C:C="NO"), --(TermCOMP!N:N="no"), --ISNUMBER(SEARCH("Pointer", TermCOMP!R:R)), --(TermCOMP!S:S="") )} -> 1 | L53: {=SUMPRODUCT( --(TermCOMP!C:C="YES"), --(TermCOMP!P:P="YES"), --ISNUMBER(SEARCH("Pointer", TermCOMP!R:R)), --(TermCOMP!S:S="") ) + SUMPRODUCT( --(TermCOMP!C:C="NO"), --(TermCOMP!P:P="NO"), --ISNUMBER(SEARCH("Pointer", TermCOMP!R:R)), --(TermCOMP!S:S="") )} -> 14
E54: W | F54: {=SUMPRODUCT( --(TermCOMP!C:C="YES"), --(TermCOMP!D:D="NO"), --ISNUMBER(SEARCH("Pointer", TermCOMP!R:R)), --(TermCOMP!S:S="") ) + SUMPRODUCT( --(TermCOMP!C:C="NO"), --(TermCOMP!D:D="YES"), --ISNUMBER(SEARCH("Pointer", TermCOMP!R:R)), --(TermCOMP!S:S="") )} -> 0 | G54: {=SUMPRODUCT( --(TermCOMP!C:C="YES"), --(TermCOMP!F:F=FALSE), --ISNUMBER(SEARCH("Pointer", TermCOMP!R:R)), --(TermCOMP!S:S="") ) + SUMPRODUCT( --(TermCOMP!C:C="NO"), --(TermCOMP!F:F=TRUE), --ISNUMBER(SEARCH("Pointer", TermCOMP!R:R)), --(TermCOMP!S:S="") )} -> 16 | H54: {=SUMPRODUCT( --(TermCOMP!C:C="YES"), --(TermCOMP!H:H="NO"), --ISNUMBER(SEARCH("Pointer", TermCOMP!R:R)), --(TermCOMP!S:S="") ) + SUMPRODUCT( --(TermCOMP!C:C="NO"), --(TermCOMP!H:H="YES"), --ISNUMBER(SEARCH("Pointer", TermCOMP!R:R)), --(TermCOMP!S:S="") )} -> 0 | I54: {=SUMPRODUCT( --(TermCOMP!C:C="YES"), --(TermCOMP!J:J=FALSE), --ISNUMBER(SEARCH("Pointer", TermCOMP!R:R)), --(TermCOMP!S:S="") ) + SUMPRODUCT( --(TermCOMP!C:C="NO"), --(TermCOMP!J:J=TRUE), --ISNUMBER(SEARCH("Pointer", TermCOMP!R:R)), --(TermCOMP!S:S="") )} -> 0 | J54: {=SUMPRODUCT( --(TermCOMP!C:C="YES"), --(TermCOMP!L:L=FALSE), --ISNUMBER(SEARCH("Pointer", TermCOMP!R:R)), --(TermCOMP!S:S="") ) + SUMPRODUCT( --(TermCOMP!C:C="NO"), --(TermCOMP!L:L=TRUE), --ISNUMBER(SEARCH("Pointer", TermCOMP!R:R)), --(TermCOMP!S:S="") )} -> 0 | K54: {=SUMPRODUCT( --(TermCOMP!C:C="YES"), --(TermCOMP!N:N="no"), --ISNUMBER(SEARCH("Pointer", TermCOMP!R:R)), --(TermCOMP!S:S="") ) + SUMPRODUCT( --(TermCOMP!C:C="NO"), --(TermCOMP!N:N="yes"), --ISNUMBER(SEARCH("Pointer", TermCOMP!R:R)), --(TermCOMP!S:S="") )} -> 0 | L54: {=SUMPRODUCT( --(TermCOMP!C:C="YES"), --(TermCOMP!P:P="NO"), --ISNUMBER(SEARCH("Pointer", TermCOMP!R:R)), --(TermCOMP!S:S="") ) + SUMPRODUCT( --(TermCOMP!C:C="NO"), --(TermCOMP!P:P="YES"), --ISNUMBER(SEARCH("Pointer", TermCOMP!R:R)), --(TermCOMP!S:S="") )} -> 109
E55: U | F55: {=SUMPRODUCT(--(TermCOMP!D:D="MAYBE"), --ISNUMBER(SEARCH("Pointer", TermCOMP!R:R)), --(TermCOMP!S:S=""))} -> 5 | G55: {=SUMPRODUCT(--(TermCOMP!F:F="INCONCLUSIVE"), --ISNUMBER(SEARCH("Pointer", TermCOMP!R:R)), --(TermCOMP!S:S=""))} -> 21 | H55: {=SUMPRODUCT(--(TermCOMP!H:H="MAYBE"), --ISNUMBER(SEARCH("Pointer", TermCOMP!R:R)), --(TermCOMP!S:S=""))} -> 15 | I55: {=SUMPRODUCT(--(TermCOMP!J:J="UNKNOWN"), --ISNUMBER(SEARCH("Pointer", TermCOMP!R:R)), --(TermCOMP!S:S=""))} -> 33 | J55: {=SUMPRODUCT(--(TermCOMP!L:L="UNKNOWN"), --ISNUMBER(SEARCH("Pointer", TermCOMP!R:R)), --(TermCOMP!S:S=""))} -> 142 | K55: {=SUMPRODUCT(--(TermCOMP!N:N="unknown"), --ISNUMBER(SEARCH("Pointer", TermCOMP!R:R)), --(TermCOMP!S:S=""))} -> 14 | L55: {=SUMPRODUCT(--(TermCOMP!P:P="MAYBE"), --ISNUMBER(SEARCH("Pointer", TermCOMP!R:R)), --(TermCOMP!S:S=""))} -> 0
E56: T | F56: {=SUMPRODUCT(--(TermCOMP!D:D="TIMEOUT"), --ISNUMBER(SEARCH("Pointer", TermCOMP!R:R)), --(TermCOMP!S:S=""))} -> 42 | G56: {=SUMPRODUCT(--(TermCOMP!F:F="Terminated"), --ISNUMBER(SEARCH("Pointer", TermCOMP!R:R)), --(TermCOMP!S:S=""))} -> 0 | H56: {=SUMPRODUCT(--(TermCOMP!H:H="TIMEOUT"), --ISNUMBER(SEARCH("Pointer", TermCOMP!R:R)), --(TermCOMP!S:S=""))} -> 15 | I56: {=SUMPRODUCT(--(TermCOMP!J:J="TIMEOUT"), --ISNUMBER(SEARCH("Pointer", TermCOMP!R:R)), --(TermCOMP!S:S=""))} -> 0 | J56: {=SUMPRODUCT(--(TermCOMP!L:L="TIMEOUT"), --ISNUMBER(SEARCH("Pointer", TermCOMP!R:R)), --(TermCOMP!S:S=""))} -> 0 | K56: {=SUMPRODUCT(--(TermCOMP!N:N="timeout"), --ISNUMBER(SEARCH("Pointer", TermCOMP!R:R)), --(TermCOMP!S:S=""))} -> 0 | L56: {=SUMPRODUCT(--(TermCOMP!P:P="TIMEOUT"), --ISNUMBER(SEARCH("Pointer", TermCOMP!R:R)), --(TermCOMP!S:S=""))} -> 1
E57: E | F57: {=SUMPRODUCT((--((TermCOMP!D:D="ERROR") + (TermCOMP!D:D="OOM error"))), --ISNUMBER(SEARCH("Pointer", TermCOMP!R:R)), --(TermCOMP!S:S=""))} -> 1 | G57: {=SUMPRODUCT(--(TermCOMP!F:F="INTERNAL-ERROR"), --ISNUMBER(SEARCH("Pointer", TermCOMP!R:R)), --(TermCOMP!S:S=""))} -> 0 | H57: {=SUMPRODUCT(--(TermCOMP!H:H="ERROR"), --ISNUMBER(SEARCH("Pointer", TermCOMP!R:R)), --(TermCOMP!S:S=""))} -> 2 | I57: {=SUMPRODUCT(--(TermCOMP!J:J="ERROR"), --ISNUMBER(SEARCH("Pointer", TermCOMP!R:R)), --(TermCOMP!S:S=""))} -> 16 | J57: {=SUMPRODUCT(--(TermCOMP!L:L="ERROR"), --ISNUMBER(SEARCH("Pointer", TermCOMP!R:R)), --(TermCOMP!S:S=""))} -> 1 | K57: {=SUMPRODUCT(--(TermCOMP!N:N="error"), --ISNUMBER(SEARCH("Pointer", TermCOMP!R:R)), --(TermCOMP!S:S=""))} -> 128 | L57: {=SUMPRODUCT(--(TermCOMP!P:P="ERROR"), --ISNUMBER(SEARCH("Pointer", TermCOMP!R:R)), --(TermCOMP!S:S=""))} -> 19
B58: Data Structure | D58: {=SUMPRODUCT(--ISNUMBER(SEARCH("Structure", TermCOMP!R:R)), --(TermCOMP!S:S=""))} -> 16 | E58: C | F58: {=SUMPRODUCT( --(TermCOMP!C:C="YES"), --(TermCOMP!D:D="YES"), --ISNUMBER(SEARCH("Structure", TermCOMP!R:R)), --(TermCOMP!S:S="") ) + SUMPRODUCT( --(TermCOMP!C:C="NO"), --(TermCOMP!D:D="NO"), --ISNUMBER(SEARCH("Structure", TermCOMP!R:R)), --(TermCOMP!S:S="") )} -> 1 | G58: {=SUMPRODUCT( --(TermCOMP!C:C="YES"), --(TermCOMP!F:F=TRUE), --ISNUMBER(SEARCH("Structure", TermCOMP!R:R)), --(TermCOMP!S:S="") ) + SUMPRODUCT( --(TermCOMP!C:C="NO"), --(TermCOMP!F:F=FALSE), --ISNUMBER(SEARCH("Structure", TermCOMP!R:R)), --(TermCOMP!S:S="") )} -> 3 | H58: {=SUMPRODUCT( --(TermCOMP!C:C="YES"), --(TermCOMP!H:H="YES"), --ISNUMBER(SEARCH("Structure", TermCOMP!R:R)), --(TermCOMP!S:S="") ) + SUMPRODUCT( --(TermCOMP!C:C="NO"), --(TermCOMP!H:H="NO"), --ISNUMBER(SEARCH("Structure", TermCOMP!R:R)), --(TermCOMP!S:S="") )} -> 15 | I58: {=SUMPRODUCT( --(TermCOMP!C:C="YES"), --(TermCOMP!J:J=TRUE), --ISNUMBER(SEARCH("Structure", TermCOMP!R:R)), --(TermCOMP!S:S="") ) + SUMPRODUCT( --(TermCOMP!C:C="NO"), --(TermCOMP!J:J=FALSE), --ISNUMBER(SEARCH("Structure", TermCOMP!R:R)), --(TermCOMP!S:S="") )} -> 1 | J58: {=SUMPRODUCT( --(TermCOMP!C:C="YES"), --(TermCOMP!L:L=TRUE), --ISNUMBER(SEARCH("Structure", TermCOMP!R:R)), --(TermCOMP!S:S="") ) + SUMPRODUCT( --(TermCOMP!C:C="NO"), --(TermCOMP!L:L=FALSE), --ISNUMBER(SEARCH("Structure", TermCOMP!R:R)), --(TermCOMP!S:S="") )} -> 0 | K58: {=SUMPRODUCT( --(TermCOMP!C:C="YES"), --(TermCOMP!N:N="yes"), --ISNUMBER(SEARCH("Structure", TermCOMP!R:R)), --(TermCOMP!S:S="") ) + SUMPRODUCT( --(TermCOMP!C:C="NO"), --(TermCOMP!N:N="no"), --ISNUMBER(SEARCH("Structure", TermCOMP!R:R)), --(TermCOMP!S:S="") )} -> 1 | L58: {=SUMPRODUCT( --(TermCOMP!C:C="YES"), --(TermCOMP!P:P="YES"), --ISNUMBER(SEARCH("Structure", TermCOMP!R:R)), --(TermCOMP!S:S="") ) + SUMPRODUCT( --(TermCOMP!C:C="NO"), --(TermCOMP!P:P="NO"), --ISNUMBER(SEARCH("Structure", TermCOMP!R:R)), --(TermCOMP!S:S="") )} -> 1
E59: W | F59: {=SUMPRODUCT( --(TermCOMP!C:C="YES"), --(TermCOMP!D:D="NO"), --ISNUMBER(SEARCH("Structure", TermCOMP!R:R)), --(TermCOMP!S:S="") ) + SUMPRODUCT( --(TermCOMP!C:C="NO"), --(TermCOMP!D:D="YES"), --ISNUMBER(SEARCH("Structure", TermCOMP!R:R)), --(TermCOMP!S:S="") )} -> 0 | G59: {=SUMPRODUCT( --(TermCOMP!C:C="YES"), --(TermCOMP!F:F=FALSE), --ISNUMBER(SEARCH("Structure", TermCOMP!R:R)), --(TermCOMP!S:S="") ) + SUMPRODUCT( --(TermCOMP!C:C="NO"), --(TermCOMP!F:F=TRUE), --ISNUMBER(SEARCH("Structure", TermCOMP!R:R)), --(TermCOMP!S:S="") )} -> 13 | H59: {=SUMPRODUCT( --(TermCOMP!C:C="YES"), --(TermCOMP!H:H="NO"), --ISNUMBER(SEARCH("Structure", TermCOMP!R:R)), --(TermCOMP!S:S="") ) + SUMPRODUCT( --(TermCOMP!C:C="NO"), --(TermCOMP!H:H="YES"), --ISNUMBER(SEARCH("Structure", TermCOMP!R:R)), --(TermCOMP!S:S="") )} -> 0 | I59: {=SUMPRODUCT( --(TermCOMP!C:C="YES"), --(TermCOMP!J:J=FALSE), --ISNUMBER(SEARCH("Structure", TermCOMP!R:R)), --(TermCOMP!S:S="") ) + SUMPRODUCT( --(TermCOMP!C:C="NO"), --(TermCOMP!J:J=TRUE), --ISNUMBER(SEARCH("Structure", TermCOMP!R:R)), --(TermCOMP!S:S="") )} -> 0 | J59: {=SUMPRODUCT( --(TermCOMP!C:C="YES"), --(TermCOMP!L:L=FALSE), --ISNUMBER(SEARCH("Structure", TermCOMP!R:R)), --(TermCOMP!S:S="") ) + SUMPRODUCT( --(TermCOMP!C:C="NO"), --(TermCOMP!L:L=TRUE), --ISNUMBER(SEARCH("Structure", TermCOMP!R:R)), --(TermCOMP!S:S="") )} -> 0 | K59: {=SUMPRODUCT( --(TermCOMP!C:C="YES"), --(TermCOMP!N:N="no"), --ISNUMBER(SEARCH("Structure", TermCOMP!R:R)), --(TermCOMP!S:S="") ) + SUMPRODUCT( --(TermCOMP!C:C="NO"), --(TermCOMP!N:N="yes"), --ISNUMBER(SEARCH("Structure", TermCOMP!R:R)), --(TermCOMP!S:S="") )} -> 0 | L59: {=SUMPRODUCT( --(TermCOMP!C:C="YES"), --(TermCOMP!P:P="NO"), --ISNUMBER(SEARCH("Structure", TermCOMP!R:R)), --(TermCOMP!S:S="") ) + SUMPRODUCT( --(TermCOMP!C:C="NO"), --(TermCOMP!P:P="YES"), --ISNUMBER(SEARCH("Structure", TermCOMP!R:R)), --(TermCOMP!S:S="") )} -> 8
E60: U | F60: {=SUMPRODUCT(--(TermCOMP!D:D="MAYBE"), --ISNUMBER(SEARCH("Structure", TermCOMP!R:R)), --(TermCOMP!S:S=""))} -> 5 | G60: {=SUMPRODUCT(--(TermCOMP!F:F="INCONCLUSIVE"), --ISNUMBER(SEARCH("Structure", TermCOMP!R:R)), --(TermCOMP!S:S=""))} -> 0 | H60: {=SUMPRODUCT(--(TermCOMP!H:H="MAYBE"), --ISNUMBER(SEARCH("Structure", TermCOMP!R:R)), --(TermCOMP!S:S=""))} -> 1 | I60: {=SUMPRODUCT(--(TermCOMP!J:J="UNKNOWN"), --ISNUMBER(SEARCH("Structure", TermCOMP!R:R)), --(TermCOMP!S:S=""))} -> 15 | J60: {=SUMPRODUCT(--(TermCOMP!L:L="UNKNOWN"), --ISNUMBER(SEARCH("Structure", TermCOMP!R:R)), --(TermCOMP!S:S=""))} -> 16 | K60: {=SUMPRODUCT(--(TermCOMP!N:N="unknown"), --ISNUMBER(SEARCH("Structure", TermCOMP!R:R)), --(TermCOMP!S:S=""))} -> 14 | L60: {=SUMPRODUCT(--(TermCOMP!P:P="MAYBE"), --ISNUMBER(SEARCH("Structure", TermCOMP!R:R)), --(TermCOMP!S:S=""))} -> 0
E61: T | F61: {=SUMPRODUCT(--(TermCOMP!D:D="TIMEOUT"), --ISNUMBER(SEARCH("Structure", TermCOMP!R:R)), --(TermCOMP!S:S=""))} -> 10 | G61: {=SUMPRODUCT(--(TermCOMP!F:F="Terminated"), --ISNUMBER(SEARCH("Structure", TermCOMP!R:R)), --(TermCOMP!S:S=""))} -> 0 | H61: {=SUMPRODUCT(--(TermCOMP!H:H="TIMEOUT"), --ISNUMBER(SEARCH("Structure", TermCOMP!R:R)), --(TermCOMP!S:S=""))} -> 0 | I61: {=SUMPRODUCT(--(TermCOMP!J:J="TIMEOUT"), --ISNUMBER(SEARCH("Structure", TermCOMP!R:R)), --(TermCOMP!S:S=""))} -> 0 | J61: {=SUMPRODUCT(--(TermCOMP!L:L="TIMEOUT"), --ISNUMBER(SEARCH("Structure", TermCOMP!R:R)), --(TermCOMP!S:S=""))} -> 0 | K61: {=SUMPRODUCT(--(TermCOMP!N:N="timeout"), --ISNUMBER(SEARCH("Structure", TermCOMP!R:R)), --(TermCOMP!S:S=""))} -> 0 | L61: {=SUMPRODUCT(--(TermCOMP!P:P="TIMEOUT"), --ISNUMBER(SEARCH("Structure", TermCOMP!R:R)), --(TermCOMP!S:S=""))} -> 0
E62: E | F62: {=SUMPRODUCT((--((TermCOMP!D:D="ERROR") + (TermCOMP!D:D="OOM error"))), --ISNUMBER(SEARCH("Structure", TermCOMP!R:R)), --(TermCOMP!S:S=""))} -> 0 | G62: {=SUMPRODUCT(--(TermCOMP!F:F="INTERNAL-ERROR"), --ISNUMBER(SEARCH("Structure", TermCOMP!R:R)), --(TermCOMP!S:S=""))} -> 0 | H62: {=SUMPRODUCT(--(TermCOMP!H:H="ERROR"), --ISNUMBER(SEARCH("Structure", TermCOMP!R:R)), --(TermCOMP!S:S=""))} -> 0 | I62: {=SUMPRODUCT(--(TermCOMP!J:J="ERROR"), --ISNUMBER(SEARCH("Structure", TermCOMP!R:R)), --(TermCOMP!S:S=""))} -> 0 | J62: {=SUMPRODUCT(--(TermCOMP!L:L="ERROR"), --ISNUMBER(SEARCH("Structure", TermCOMP!R:R)), --(TermCOMP!S:S=""))} -> 0 | K62: {=SUMPRODUCT(--(TermCOMP!N:N="error"), --ISNUMBER(SEARCH("Structure", TermCOMP!R:R)), --(TermCOMP!S:S=""))} -> 1 | L62: {=SUMPRODUCT(--(TermCOMP!P:P="ERROR"), --ISNUMBER(SEARCH("Structure", TermCOMP!R:R)), --(TermCOMP!S:S=""))} -> 7
B63: Recursion | D63: {=SUMPRODUCT(--ISNUMBER(SEARCH("Recursion", TermCOMP!R:R)), --(TermCOMP!S:S=""))} -> 62 | E63: C | F63: {=SUMPRODUCT( --(TermCOMP!C:C="YES"), --(TermCOMP!D:D="YES"), --ISNUMBER(SEARCH("Recursion", TermCOMP!R:R)), --(TermCOMP!S:S="") ) + SUMPRODUCT( --(TermCOMP!C:C="NO"), --(TermCOMP!D:D="NO"), --ISNUMBER(SEARCH("Recursion", TermCOMP!R:R)), --(TermCOMP!S:S="") )} -> 24 | G63: {=SUMPRODUCT( --(TermCOMP!C:C="YES"), --(TermCOMP!F:F=TRUE), --ISNUMBER(SEARCH("Recursion", TermCOMP!R:R)), --(TermCOMP!S:S="") ) + SUMPRODUCT( --(TermCOMP!C:C="NO"), --(TermCOMP!F:F=FALSE), --ISNUMBER(SEARCH("Recursion", TermCOMP!R:R)), --(TermCOMP!S:S="") )} -> 39 | H63: {=SUMPRODUCT( --(TermCOMP!C:C="YES"), --(TermCOMP!H:H="YES"), --ISNUMBER(SEARCH("Recursion", TermCOMP!R:R)), --(TermCOMP!S:S="") ) + SUMPRODUCT( --(TermCOMP!C:C="NO"), --(TermCOMP!H:H="NO"), --ISNUMBER(SEARCH("Recursion", TermCOMP!R:R)), --(TermCOMP!S:S="") )} -> 45 | I63: {=SUMPRODUCT( --(TermCOMP!C:C="YES"), --(TermCOMP!J:J=TRUE), --ISNUMBER(SEARCH("Recursion", TermCOMP!R:R)), --(TermCOMP!S:S="") ) + SUMPRODUCT( --(TermCOMP!C:C="NO"), --(TermCOMP!J:J=FALSE), --ISNUMBER(SEARCH("Recursion", TermCOMP!R:R)), --(TermCOMP!S:S="") )} -> 45 | J63: {=SUMPRODUCT( --(TermCOMP!C:C="YES"), --(TermCOMP!L:L=TRUE), --ISNUMBER(SEARCH("Recursion", TermCOMP!R:R)), --(TermCOMP!S:S="") ) + SUMPRODUCT( --(TermCOMP!C:C="NO"), --(TermCOMP!L:L=FALSE), --ISNUMBER(SEARCH("Recursion", TermCOMP!R:R)), --(TermCOMP!S:S="") )} -> 0 | K63: {=SUMPRODUCT( --(TermCOMP!C:C="YES"), --(TermCOMP!N:N="yes"), --ISNUMBER(SEARCH("Recursion", TermCOMP!R:R)), --(TermCOMP!S:S="") ) + SUMPRODUCT( --(TermCOMP!C:C="NO"), --(TermCOMP!N:N="no"), --ISNUMBER(SEARCH("Recursion", TermCOMP!R:R)), --(TermCOMP!S:S="") )} -> 41 | L63: {=SUMPRODUCT( --(TermCOMP!C:C="YES"), --(TermCOMP!P:P="YES"), --ISNUMBER(SEARCH("Recursion", TermCOMP!R:R)), --(TermCOMP!S:S="") ) + SUMPRODUCT( --(TermCOMP!C:C="NO"), --(TermCOMP!P:P="NO"), --ISNUMBER(SEARCH("Recursion", TermCOMP!R:R)), --(TermCOMP!S:S="") )} -> 51
E64: W | F64: {=SUMPRODUCT( --(TermCOMP!C:C="YES"), --(TermCOMP!D:D="NO"), --ISNUMBER(SEARCH("Recursion", TermCOMP!R:R)), --(TermCOMP!S:S="") ) + SUMPRODUCT( --(TermCOMP!C:C="NO"), --(TermCOMP!D:D="YES"), --ISNUMBER(SEARCH("Recursion", TermCOMP!R:R)), --(TermCOMP!S:S="") )} -> 0 | G64: {=SUMPRODUCT( --(TermCOMP!C:C="YES"), --(TermCOMP!F:F=FALSE), --ISNUMBER(SEARCH("Recursion", TermCOMP!R:R)), --(TermCOMP!S:S="") ) + SUMPRODUCT( --(TermCOMP!C:C="NO"), --(TermCOMP!F:F=TRUE), --ISNUMBER(SEARCH("Recursion", TermCOMP!R:R)), --(TermCOMP!S:S="") )} -> 0 | H64: {=SUMPRODUCT( --(TermCOMP!C:C="YES"), --(TermCOMP!H:H="NO"), --ISNUMBER(SEARCH("Recursion", TermCOMP!R:R)), --(TermCOMP!S:S="") ) + SUMPRODUCT( --(TermCOMP!C:C="NO"), --(TermCOMP!H:H="YES"), --ISNUMBER(SEARCH("Recursion", TermCOMP!R:R)), --(TermCOMP!S:S="") )} -> 0 | I64: {=SUMPRODUCT( --(TermCOMP!C:C="YES"), --(TermCOMP!J:J=FALSE), --ISNUMBER(SEARCH("Recursion", TermCOMP!R:R)), --(TermCOMP!S:S="") ) + SUMPRODUCT( --(TermCOMP!C:C="NO"), --(TermCOMP!J:J=TRUE), --ISNUMBER(SEARCH("Recursion", TermCOMP!R:R)), --(TermCOMP!S:S="") )} -> 0 | J64: {=SUMPRODUCT( --(TermCOMP!C:C="YES"), --(TermCOMP!L:L=FALSE), --ISNUMBER(SEARCH("Recursion", TermCOMP!R:R)), --(TermCOMP!S:S="") ) + SUMPRODUCT( --(TermCOMP!C:C="NO"), --(TermCOMP!L:L=TRUE), --ISNUMBER(SEARCH("Recursion", TermCOMP!R:R)), --(TermCOMP!S:S="") )} -> 0 | K64: {=SUMPRODUCT( --(TermCOMP!C:C="YES"), --(TermCOMP!N:N="no"), --ISNUMBER(SEARCH("Recursion", TermCOMP!R:R)), --(TermCOMP!S:S="") ) + SUMPRODUCT( --(TermCOMP!C:C="NO"), --(TermCOMP!N:N="yes"), --ISNUMBER(SEARCH("Recursion", TermCOMP!R:R)), --(TermCOMP!S:S="") )} -> 9 | L64: {=SUMPRODUCT( --(TermCOMP!C:C="YES"), --(TermCOMP!P:P="NO"), --ISNUMBER(SEARCH("Recursion", TermCOMP!R:R)), --(TermCOMP!S:S="") ) + SUMPRODUCT( --(TermCOMP!C:C="NO"), --(TermCOMP!P:P="YES"), --ISNUMBER(SEARCH("Recursion", TermCOMP!R:R)), --(TermCOMP!S:S="") )} -> 11
E65: U | F65: {=SUMPRODUCT(--(TermCOMP!D:D="MAYBE"), --ISNUMBER(SEARCH("Recursion", TermCOMP!R:R)), --(TermCOMP!S:S=""))} -> 38 | G65: {=SUMPRODUCT(--(TermCOMP!F:F="INCONCLUSIVE"), --ISNUMBER(SEARCH("Recursion", TermCOMP!R:R)), --(TermCOMP!S:S=""))} -> 23 | H65: {=SUMPRODUCT(--(TermCOMP!H:H="MAYBE"), --ISNUMBER(SEARCH("Recursion", TermCOMP!R:R)), --(TermCOMP!S:S=""))} -> 11 | I65: {=SUMPRODUCT(--(TermCOMP!J:J="UNKNOWN"), --ISNUMBER(SEARCH("Recursion", TermCOMP!R:R)), --(TermCOMP!S:S=""))} -> 17 | J65: {=SUMPRODUCT(--(TermCOMP!L:L="UNKNOWN"), --ISNUMBER(SEARCH("Recursion", TermCOMP!R:R)), --(TermCOMP!S:S=""))} -> 7 | K65: {=SUMPRODUCT(--(TermCOMP!N:N="unknown"), --ISNUMBER(SEARCH("Recursion", TermCOMP!R:R)), --(TermCOMP!S:S=""))} -> 3 | L65: {=SUMPRODUCT(--(TermCOMP!P:P="MAYBE"), --ISNUMBER(SEARCH("Recursion", TermCOMP!R:R)), --(TermCOMP!S:S=""))} -> 0
E66: T | F66: {=SUMPRODUCT(--(TermCOMP!D:D="TIMEOUT"), --ISNUMBER(SEARCH("Recursion", TermCOMP!R:R)), --(TermCOMP!S:S=""))} -> 0 | G66: {=SUMPRODUCT(--(TermCOMP!F:F="Terminated"), --ISNUMBER(SEARCH("Recursion", TermCOMP!R:R)), --(TermCOMP!S:S=""))} -> 0 | H66: {=SUMPRODUCT(--(TermCOMP!H:H="TIMEOUT"), --ISNUMBER(SEARCH("Recursion", TermCOMP!R:R)), --(TermCOMP!S:S=""))} -> 2 | I66: {=SUMPRODUCT(--(TermCOMP!J:J="TIMEOUT"), --ISNUMBER(SEARCH("Recursion", TermCOMP!R:R)), --(TermCOMP!S:S=""))} -> 0 | J66: {=SUMPRODUCT(--(TermCOMP!L:L="TIMEOUT"), --ISNUMBER(SEARCH("Recursion", TermCOMP!R:R)), --(TermCOMP!S:S=""))} -> 0 | K66: {=SUMPRODUCT(--(TermCOMP!N:N="timeout"), --ISNUMBER(SEARCH("Recursion", TermCOMP!R:R)), --(TermCOMP!S:S=""))} -> 0 | L66: {=SUMPRODUCT(--(TermCOMP!P:P="TIMEOUT"), --ISNUMBER(SEARCH("Recursion", TermCOMP!R:R)), --(TermCOMP!S:S=""))} -> 0
E67: E | F67: {=SUMPRODUCT((--((TermCOMP!D:D="ERROR") + (TermCOMP!D:D="OOM error"))), --ISNUMBER(SEARCH("Recursion", TermCOMP!R:R)), --(TermCOMP!S:S=""))} -> 0 | G67: {=SUMPRODUCT(--(TermCOMP!F:F="INTERNAL-ERROR"), --ISNUMBER(SEARCH("Recursion", TermCOMP!R:R)), --(TermCOMP!S:S=""))} -> 0 | H67: {=SUMPRODUCT(--(TermCOMP!H:H="ERROR"), --ISNUMBER(SEARCH("Recursion", TermCOMP!R:R)), --(TermCOMP!S:S=""))} -> 4 | I67: {=SUMPRODUCT(--(TermCOMP!J:J="ERROR"), --ISNUMBER(SEARCH("Recursion", TermCOMP!R:R)), --(TermCOMP!S:S=""))} -> 0 | J67: {=SUMPRODUCT(--(TermCOMP!L:L="ERROR"), --ISNUMBER(SEARCH("Recursion", TermCOMP!R:R)), --(TermCOMP!S:S=""))} -> 55 | K67: {=SUMPRODUCT(--(TermCOMP!N:N="error"), --ISNUMBER(SEARCH("Recursion", TermCOMP!R:R)), --(TermCOMP!S:S=""))} -> 9 | L67: {=SUMPRODUCT(--(TermCOMP!P:P="TIMEOUT"), --ISNUMBER(SEARCH("Recursion", TermCOMP!R:R)), --(TermCOMP!S:S=""))} -> 0
B68: Total | D68: =SUM(D53,D58,D63) -> 221 | E68: C | F68: =SUM(F53,F58,F63) -> 120 | G68: =SUM(G53,G58,G63) -> 148 | H68: =SUM(H53,H58,H63) -> 171 | I68: =SUM(I53,I58,I63) -> 140 | J68: =SUM(J53,J58,J63) -> 0 | K68: =SUM(K53,K58,K63) -> 43 | L68: =SUM(L53,L58,L63) -> 66
E69: W | F69: =SUM(F54,F59,F64) -> 0 | G69: =SUM(G54,G59,G64) -> 29 | H69: =SUM(H54,H59,H64) -> 0 | I69: =SUM(I54,I59,I64) -> 0 | J69: =SUM(J54,J59,J64) -> 0 | K69: =SUM(K54,K59,K64) -> 9 | L69: =SUM(L54,L59,L64) -> 128
E70: U | F70: =SUM(F55,F60,F65) -> 48 | G70: =SUM(G55,G60,G65) -> 44 | H70: =SUM(H55,H60,H65) -> 27 | I70: =SUM(I55,I60,I65) -> 65 | J70: =SUM(J55,J60,J65) -> 165 | K70: =SUM(K55,K60,K65) -> 31 | L70: =SUM(L55,L60,L65) -> 0
E71: T | F71: =SUM(F56,F61,F66) -> 52 | G71: =SUM(G56,G61,G66) -> 0 | H71: =SUM(H56,H61,H66) -> 17 | I71: =SUM(I56,I61,I66) -> 0 | J71: =SUM(J56,J61,J66) -> 0 | K71: =SUM(K56,K61,K66) -> 0 | L71: =SUM(L56,L61,L66) -> 1
E72: E | F72: =SUM(F57,F62,F67) -> 1 | G72: =SUM(G57,G62,G67) -> 0 | H72: =SUM(H57,H62,H67) -> 6 | I72: =SUM(I57,I62,I67) -> 16 | J72: =SUM(J57,J62,J67) -> 56 | K72: =SUM(K57,K62,K67) -> 138 | L72: =SUM(L57,L62,L67) -> 26
E73: W+U+T+E | F73: =SUM(F69:F72) -> 101 | G73: =SUM(G69:G72) -> 73 | H73: =SUM(H69:H72) -> 50 | I73: =SUM(I69:I72) -> 81 | J73: =SUM(J69:J72) -> 221 | K73: =SUM(K69:K72) -> 178 | L73: =SUM(L69:L72) -> 155
B75: Shi et al.
B76: Features (#safe/#unsafe) | E76: Category | F76: Athena_BV | G76: Athena_MA | H76: Athena | I76: Proton | J76: AProVE | K76: UAutomizer | L76: CPAchecker | M76: 2LS | N76: MuVal
B77: Pointer Manipulation | D77: {=SUMPRODUCT(--ISNUMBER(SEARCH("Pointer", FSE!AA:AA)), --(FSE!AB:AB=""))} -> 14 | E77: C | F77: {=SUMPRODUCT( --ISNUMBER(SEARCH("_T.c", FSE!B:B)), --(FSE!C:C="YES"), --ISNUMBER(SEARCH("Pointer", FSE!AA:AA)), --(FSE!AB:AB="") ) + SUMPRODUCT( --ISNUMBER(SEARCH("_NT.c", FSE!B:B)), --(FSE!C:C="NO"), --ISNUMBER(SEARCH("Pointer", FSE!AA:AA)), --(FSE!AB:AB="") )} -> 3 | G77: {=SUMPRODUCT( --ISNUMBER(SEARCH("_T.c", FSE!B:B)), --(FSE!K:K="YES"), --ISNUMBER(SEARCH("Pointer", FSE!AA:AA)), --(FSE!AB:AB="") ) + SUMPRODUCT( --ISNUMBER(SEARCH("_NT.c", FSE!B:B)), --(FSE!K:K="NO"), --ISNUMBER(SEARCH("Pointer", FSE!AA:AA)), --(FSE!AB:AB="") )} -> 2 | H77: {=SUMPRODUCT( --ISNUMBER(SEARCH("_T.c", FSE!B:B)), --(FSE!M:M="YES"), --ISNUMBER(SEARCH("Pointer", FSE!AA:AA)), --(FSE!AB:AB="") ) + SUMPRODUCT( --ISNUMBER(SEARCH("_NT.c", FSE!B:B)), --(FSE!M:M="NO"), --ISNUMBER(SEARCH("Pointer", FSE!AA:AA)), --(FSE!AB:AB="") )} -> 3 | I77: {=SUMPRODUCT( --ISNUMBER(SEARCH("_T.c", FSE!B:B)), --(FSE!O:O=TRUE), --ISNUMBER(SEARCH("Pointer", FSE!AA:AA)), --(FSE!AB:AB="") ) + SUMPRODUCT( --ISNUMBER(SEARCH("_NT.c", FSE!B:B)), --(FSE!O:O=FALSE), --ISNUMBER(SEARCH("Pointer", FSE!AA:AA)), --(FSE!AB:AB="") )} -> 6 | J77: {=SUMPRODUCT( --ISNUMBER(SEARCH("_T.c", FSE!B:B)), --(FSE!Q:Q="YES"), --ISNUMBER(SEARCH("Pointer", FSE!AA:AA)), --(FSE!AB:AB="") ) + SUMPRODUCT( --ISNUMBER(SEARCH("_NT.c", FSE!B:B)), --(FSE!Q:Q="NO"), --ISNUMBER(SEARCH("Pointer", FSE!AA:AA)), --(FSE!AB:AB="") )} -> 0 | K77: {=SUMPRODUCT( --ISNUMBER(SEARCH("_T.c", FSE!B:B)), --(FSE!S:S=TRUE), --ISNUMBER(SEARCH("Pointer", FSE!AA:AA)), --(FSE!AB:AB="") ) + SUMPRODUCT( --ISNUMBER(SEARCH("_NT.c", FSE!B:B)), --(FSE!S:S=FALSE), --ISNUMBER(SEARCH("Pointer", FSE!AA:AA)), --(FSE!AB:AB="") )} -> 3 | L77: {=SUMPRODUCT( --ISNUMBER(SEARCH("_T.c", FSE!B:B)), --(FSE!U:U=TRUE), --ISNUMBER(SEARCH("Pointer", FSE!AA:AA)), --(FSE!AB:AB="") ) + SUMPRODUCT( --ISNUMBER(SEARCH("_NT.c", FSE!B:B)), --(FSE!U:U=FALSE), --ISNUMBER(SEARCH("Pointer", FSE!AA:AA)), --(FSE!AB:AB="") )} -> 0 | M77: {=SUMPRODUCT( --ISNUMBER(SEARCH("_T.c", FSE!B:B)), --(FSE!W:W="yes"), --ISNUMBER(SEARCH("Pointer", FSE!AA:AA)), --(FSE!AB:AB="") ) + SUMPRODUCT( --ISNUMBER(SEARCH("_NT.c", FSE!B:B)), --(FSE!W:W="no"), --ISNUMBER(SEARCH("Pointer", FSE!AA:AA)), --(FSE!AB:AB="") )} -> 0 | N77: {=SUMPRODUCT( --ISNUMBER(SEARCH("_T.c", FSE!B:B)), --(FSE!Y:Y="YES"), --ISNUMBER(SEARCH("Pointer", FSE!AA:AA)), --(FSE!AB:AB="") ) + SUMPRODUCT( --ISNUMBER(SEARCH("_NT.c", FSE!B:B)), --(FSE!Y:Y="NO"), --ISNUMBER(SEARCH("Pointer", FSE!AA:AA)), --(FSE!AB:AB="") )} -> 4
E78: W | F78: {=SUMPRODUCT( --ISNUMBER(SEARCH("_T.c", FSE!B:B)), --(FSE!C:C="NO"), --ISNUMBER(SEARCH("Pointer", FSE!AA:AA)), --(FSE!AB:AB="") ) + SUMPRODUCT( --ISNUMBER(SEARCH("_NT.c", FSE!B:B)), --(FSE!C:C="YES"), --ISNUMBER(SEARCH("Pointer", FSE!AA:AA)), --(FSE!AB:AB="") )} -> 0 | G78: {=SUMPRODUCT( --ISNUMBER(SEARCH("_T.c", FSE!B:B)), --(FSE!K:K="NO"), --ISNUMBER(SEARCH("Pointer", FSE!AA:AA)), --(FSE!AB:AB="") ) + SUMPRODUCT( --ISNUMBER(SEARCH("_NT.c", FSE!B:B)), --(FSE!K:K="YES"), --ISNUMBER(SEARCH("Pointer", FSE!AA:AA)), --(FSE!AB:AB="") )} -> 0 | H78: {=SUMPRODUCT( --ISNUMBER(SEARCH("_T.c", FSE!B:B)), --(FSE!M:M="NO"), --ISNUMBER(SEARCH("Pointer", FSE!AA:AA)), --(FSE!AB:AB="") ) + SUMPRODUCT( --ISNUMBER(SEARCH("_NT.c", FSE!B:B)), --(FSE!M:M="YES"), --ISNUMBER(SEARCH("Pointer", FSE!AA:AA)), --(FSE!AB:AB="") )} -> 0 | I78: {=SUMPRODUCT( --ISNUMBER(SEARCH("_T.c", FSE!B:B)), --(FSE!O:O=FALSE), --ISNUMBER(SEARCH("Pointer", FSE!AA:AA)), --(FSE!AB:AB="") ) + SUMPRODUCT( --ISNUMBER(SEARCH("_NT.c", FSE!B:B)), --(FSE!O:O=TRUE), --ISNUMBER(SEARCH("Pointer", FSE!AA:AA)), --(FSE!AB:AB="") )} -> 3 | J78: {=SUMPRODUCT( --ISNUMBER(SEARCH("_T.c", FSE!B:B)), --(FSE!Q:Q="NO"), --ISNUMBER(SEARCH("Pointer", FSE!AA:AA)), --(FSE!AB:AB="") ) + SUMPRODUCT( --ISNUMBER(SEARCH("_NT.c", FSE!B:B)), --(FSE!Q:Q="YES"), --ISNUMBER(SEARCH("Pointer", FSE!AA:AA)), --(FSE!AB:AB="") )} -> 0 | K78: {=SUMPRODUCT( --ISNUMBER(SEARCH("_T.c", FSE!B:B)), --(FSE!S:S=FALSE), --ISNUMBER(SEARCH("Pointer", FSE!AA:AA)), --(FSE!AB:AB="") ) + SUMPRODUCT( --ISNUMBER(SEARCH("_NT.c", FSE!B:B)), --(FSE!S:S=TRUE), --ISNUMBER(SEARCH("Pointer", FSE!AA:AA)), --(FSE!AB:AB="") )} -> 0 | L78: {=SUMPRODUCT( --ISNUMBER(SEARCH("_T.c", FSE!B:B)), --(FSE!U:U=FALSE), --ISNUMBER(SEARCH("Pointer", FSE!AA:AA)), --(FSE!AB:AB="") ) + SUMPRODUCT( --ISNUMBER(SEARCH("_NT.c", FSE!B:B)), --(FSE!U:U=TRUE), --ISNUMBER(SEARCH("Pointer", FSE!AA:AA)), --(FSE!AB:AB="") )} -> 0 | M78: {=SUMPRODUCT( --ISNUMBER(SEARCH("_T.c", FSE!B:B)), --(FSE!W:W="no"), --ISNUMBER(SEARCH("Pointer", FSE!AA:AA)), --(FSE!AB:AB="") ) + SUMPRODUCT( --ISNUMBER(SEARCH("_NT.c", FSE!B:B)), --(FSE!W:W="yes"), --ISNUMBER(SEARCH("Pointer", FSE!AA:AA)), --(FSE!AB:AB="") )} -> 0 | N78: {=SUMPRODUCT( --ISNUMBER(SEARCH("_T.c", FSE!B:B)), --(FSE!Y:Y="NO"), --ISNUMBER(SEARCH("Pointer", FSE!AA:AA)), --(FSE!AB:AB="") ) + SUMPRODUCT( --ISNUMBER(SEARCH("_NT.c", FSE!B:B)), --(FSE!Y:Y="YES"), --ISNUMBER(SEARCH("Pointer", FSE!AA:AA)), --(FSE!AB:AB="") )} -> 4
E79: U | F79: {=SUMPRODUCT(--(FSE!C:C="MAYBE"),--ISNUMBER(SEARCH("Pointer",FSE!AA:AA)),--(FSE!AB:AB=""))} -> 0 | G79: {=SUMPRODUCT(--(FSE!K:K="MAYBE"), --ISNUMBER(SEARCH("Pointer", FSE!AA:AA)), --(FSE!AB:AB=""))} -> 0 | H79: {=SUMPRODUCT(--(FSE!M:M="MAYBE"), --ISNUMBER(SEARCH("Pointer", FSE!AA:AA)), --(FSE!AB:AB=""))} -> 0 | I79: {=SUMPRODUCT(--(FSE!O:O="INCONCLUSIVE"), --ISNUMBER(SEARCH("Pointer", FSE!AA:AA)), --(FSE!AB:AB=""))} -> 5 | J79: {=SUMPRODUCT(--(FSE!Q:Q="MAYBE"), --ISNUMBER(SEARCH("Pointer", FSE!AA:AA)), --(FSE!AB:AB=""))} -> 13 | K79: {=SUMPRODUCT(--(FSE!S:S="UNKNOWN"), --ISNUMBER(SEARCH("Pointer", FSE!AA:AA)), --(FSE!AB:AB=""))} -> 1 | L79: {=SUMPRODUCT(--(FSE!U:U="UNKNOWN"), --ISNUMBER(SEARCH("Pointer", FSE!AA:AA)), --(FSE!AB:AB=""))} -> 8 | M79: {=SUMPRODUCT(--(FSE!W:W="unknown"), --ISNUMBER(SEARCH("Pointer", FSE!AA:AA)), --(FSE!AB:AB=""))} -> 12 | N79: {=SUMPRODUCT(--(FSE!Y:Y="MAYBE"), --ISNUMBER(SEARCH("Pointer", FSE!AA:AA)), --(FSE!AB:AB=""))} -> 0
E80: T | F80: {=SUMPRODUCT(--(FSE!C:C="TIMEOUT"), --ISNUMBER(SEARCH("Pointer", FSE!AA:AA)), --(FSE!AB:AB=""))} -> 11 | G80: {=SUMPRODUCT(--(FSE!K:K="TIMEOUT"), --ISNUMBER(SEARCH("Pointer", FSE!AA:AA)), --(FSE!AB:AB=""))} -> 11 | H80: {=SUMPRODUCT(--(FSE!M:M="TIMEOUT"), --ISNUMBER(SEARCH("Pointer", FSE!AA:AA)), --(FSE!AB:AB=""))} -> 11 | I80: {=SUMPRODUCT(--(FSE!O:O="Terminated"), --ISNUMBER(SEARCH("Pointer", FSE!AA:AA)), --(FSE!AB:AB=""))} -> 0 | J80: {=SUMPRODUCT(--(FSE!Q:Q="TIMEOUT"), --ISNUMBER(SEARCH("Pointer", FSE!AA:AA)), --(FSE!AB:AB=""))} -> 1 | K80: {=SUMPRODUCT(--(FSE!S:S="TIMEOUT"), --ISNUMBER(SEARCH("Pointer", FSE!AA:AA)), --(FSE!AB:AB=""))} -> 9 | L80: {=SUMPRODUCT(--(FSE!U:U="TIMEOUT"), --ISNUMBER(SEARCH("Pointer", FSE!AA:AA)), --(FSE!AB:AB=""))} -> 0 | M80: {=SUMPRODUCT(--(FSE!W:W="timeout"), --ISNUMBER(SEARCH("Pointer", FSE!AA:AA)), --(FSE!AB:AB=""))} -> 0 | N80: {=SUMPRODUCT(--(FSE!Y:Y="TIMEOUT"), --ISNUMBER(SEARCH("Pointer", FSE!AA:AA)), --(FSE!AB:AB=""))} -> 0 | O80: A | P80: E
E81: E | F81: {=SUMPRODUCT((--((FSE!C:C="ERROR")+(FSE!C:C="OOM ERROR"))),--ISNUMBER(SEARCH("Pointer",FSE!AA:AA)),--(FSE!AB:AB=""))} -> 0 | G81: {=SUMPRODUCT((--((FSE!K:K="ERROR") + (FSE!K:K="OOM ERROR"))), --ISNUMBER(SEARCH("Pointer", FSE!AA:AA)), --(FSE!AB:AB=""))} -> 1 | H81: {=SUMPRODUCT((--((FSE!M:M="ERROR") + (FSE!M:M="OOM ERROR"))), --ISNUMBER(SEARCH("Pointer", FSE!AA:AA)), --(FSE!AB:AB=""))} -> 0 | I81: {=SUMPRODUCT(--(FSE!O:O="INTERNAL-ERROR"), --ISNUMBER(SEARCH("Pointer", FSE!AA:AA)), --(FSE!AB:AB=""))} -> 0 | J81: {=SUMPRODUCT(--(FSE!Q:Q="ERROR"), --ISNUMBER(SEARCH("Pointer", FSE!AA:AA)), --(FSE!AB:AB=""))} -> 0 | K81: {=SUMPRODUCT(--(FSE!S:S="ERROR"), --ISNUMBER(SEARCH("Pointer", FSE!AA:AA)), --(FSE!AB:AB=""))} -> 1 | L81: {=SUMPRODUCT(--(FSE!U:U="ERROR"), --ISNUMBER(SEARCH("Pointer", FSE!AA:AA)), --(FSE!AB:AB=""))} -> 6 | M81: {=SUMPRODUCT(--(FSE!W:W="error"), --ISNUMBER(SEARCH("Pointer", FSE!AA:AA)), --(FSE!AB:AB=""))} -> 2 | N81: {=SUMPRODUCT(--(FSE!Y:Y="ERROR"), --ISNUMBER(SEARCH("Pointer", FSE!AA:AA)), --(FSE!AB:AB=""))} -> 6 | O81: {=SUMPRODUCT((--((FSE!K:K="ERROR"))), --ISNUMBER(SEARCH("Pointer", FSE!AA:AA)), --(FSE!AB:AB=""))} -> 0 | P81: {=SUMPRODUCT((--((FSE!K:K="OOM ERROR"))), --ISNUMBER(SEARCH("Pointer", FSE!AA:AA)), --(FSE!AB:AB=""))} -> 1
B82: Array | D82: {=SUMPRODUCT(--ISNUMBER(SEARCH("Array", FSE!AA:AA)), --(FSE!AB:AB=""))} -> 16 | E82: C | F82: {=SUMPRODUCT( --ISNUMBER(SEARCH("_T.c", FSE!B:B)), --(FSE!C:C="YES"), --ISNUMBER(SEARCH("Array", FSE!AA:AA)), --(FSE!AB:AB="") ) + SUMPRODUCT( --ISNUMBER(SEARCH("_NT.c", FSE!B:B)), --(FSE!C:C="NO"), --ISNUMBER(SEARCH("Array", FSE!AA:AA)), --(FSE!AB:AB="") )} -> 4 | G82: {=SUMPRODUCT( --ISNUMBER(SEARCH("_T.c", FSE!B:B)), --(FSE!K:K="YES"), --ISNUMBER(SEARCH("Array", FSE!AA:AA)), --(FSE!AB:AB="") ) + SUMPRODUCT( --ISNUMBER(SEARCH("_NT.c", FSE!B:B)), --(FSE!K:K="NO"), --ISNUMBER(SEARCH("Array", FSE!AA:AA)), --(FSE!AB:AB="") )} -> 5 | H82: {=SUMPRODUCT( --ISNUMBER(SEARCH("_T.c", FSE!B:B)), --(FSE!M:M="YES"), --ISNUMBER(SEARCH("Array", FSE!AA:AA)), --(FSE!AB:AB="") ) + SUMPRODUCT( --ISNUMBER(SEARCH("_NT.c", FSE!B:B)), --(FSE!M:M="NO"), --ISNUMBER(SEARCH("Array", FSE!AA:AA)), --(FSE!AB:AB="") )} -> 6 | I82: {=SUMPRODUCT( --ISNUMBER(SEARCH("_T.c", FSE!B:B)), --(FSE!O:O=TRUE), --ISNUMBER(SEARCH("Array", FSE!AA:AA)), --(FSE!AB:AB="") ) + SUMPRODUCT( --ISNUMBER(SEARCH("_NT.c", FSE!B:B)), --(FSE!O:O=FALSE), --ISNUMBER(SEARCH("Array", FSE!AA:AA)), --(FSE!AB:AB="") )} -> 8 | J82: {=SUMPRODUCT( --ISNUMBER(SEARCH("_T.c", FSE!B:B)), --(FSE!Q:Q="YES"), --ISNUMBER(SEARCH("Array", FSE!AA:AA)), --(FSE!AB:AB="") ) + SUMPRODUCT( --ISNUMBER(SEARCH("_NT.c", FSE!B:B)), --(FSE!Q:Q="NO"), --ISNUMBER(SEARCH("Array", FSE!AA:AA)), --(FSE!AB:AB="") )} -> 2 | K82: {=SUMPRODUCT( --ISNUMBER(SEARCH("_T.c", FSE!B:B)), --(FSE!S:S=TRUE), --ISNUMBER(SEARCH("Array", FSE!AA:AA)), --(FSE!AB:AB="") ) + SUMPRODUCT( --ISNUMBER(SEARCH("_NT.c", FSE!B:B)), --(FSE!S:S=FALSE), --ISNUMBER(SEARCH("Array", FSE!AA:AA)), --(FSE!AB:AB="") )} -> 7 | L82: {=SUMPRODUCT( --ISNUMBER(SEARCH("_T.c", FSE!B:B)), --(FSE!U:U=TRUE), --ISNUMBER(SEARCH("Array", FSE!AA:AA)), --(FSE!AB:AB="") ) + SUMPRODUCT( --ISNUMBER(SEARCH("_NT.c", FSE!B:B)), --(FSE!U:U=FALSE), --ISNUMBER(SEARCH("Array", FSE!AA:AA)), --(FSE!AB:AB="") )} -> 0 | M82: {=SUMPRODUCT( --ISNUMBER(SEARCH("_T.c", FSE!B:B)), --(FSE!W:W="yes"), --ISNUMBER(SEARCH("Array", FSE!AA:AA)), --(FSE!AB:AB="") ) + SUMPRODUCT( --ISNUMBER(SEARCH("_NT.c", FSE!B:B)), --(FSE!W:W="no"), --ISNUMBER(SEARCH("Array", FSE!AA:AA)), --(FSE!AB:AB="") )} -> 3 | N82: {=SUMPRODUCT( --ISNUMBER(SEARCH("_T.c", FSE!B:B)), --(FSE!Y:Y="YES"), --ISNUMBER(SEARCH("Array", FSE!AA:AA)), --(FSE!AB:AB="") ) + SUMPRODUCT( --ISNUMBER(SEARCH("_NT.c", FSE!B:B)), --(FSE!Y:Y="NO"), --ISNUMBER(SEARCH("Array", FSE!AA:AA)), --(FSE!AB:AB="") )} -> 7
E83: W | F83: {=SUMPRODUCT( --ISNUMBER(SEARCH("_T.c", FSE!B:B)), --(FSE!C:C="NO"), --ISNUMBER(SEARCH("Array", FSE!AA:AA)), --(FSE!AB:AB="") ) + SUMPRODUCT( --ISNUMBER(SEARCH("_NT.c", FSE!B:B)), --(FSE!C:C="YES"), --ISNUMBER(SEARCH("Array", FSE!AA:AA)), --(FSE!AB:AB="") )} -> 0 | G83: {=SUMPRODUCT( --ISNUMBER(SEARCH("_T.c", FSE!B:B)), --(FSE!K:K="NO"), --ISNUMBER(SEARCH("Array", FSE!AA:AA)), --(FSE!AB:AB="") ) + SUMPRODUCT( --ISNUMBER(SEARCH("_NT.c", FSE!B:B)), --(FSE!K:K="YES"), --ISNUMBER(SEARCH("Array", FSE!AA:AA)), --(FSE!AB:AB="") )} -> 0 | H83: {=SUMPRODUCT( --ISNUMBER(SEARCH("_T.c", FSE!B:B)), --(FSE!M:M="NO"), --ISNUMBER(SEARCH("Array", FSE!AA:AA)), --(FSE!AB:AB="") ) + SUMPRODUCT( --ISNUMBER(SEARCH("_NT.c", FSE!B:B)), --(FSE!M:M="YES"), --ISNUMBER(SEARCH("Array", FSE!AA:AA)), --(FSE!AB:AB="") )} -> 0 | I83: {=SUMPRODUCT( --ISNUMBER(SEARCH("_T.c", FSE!B:B)), --(FSE!O:O=FALSE), --ISNUMBER(SEARCH("Array", FSE!AA:AA)), --(FSE!AB:AB="") ) + SUMPRODUCT( --ISNUMBER(SEARCH("_NT.c", FSE!B:B)), --(FSE!O:O=TRUE), --ISNUMBER(SEARCH("Array", FSE!AA:AA)), --(FSE!AB:AB="") )} -> 1 | J83: {=SUMPRODUCT( --ISNUMBER(SEARCH("_T.c", FSE!B:B)), --(FSE!Q:Q="NO"), --ISNUMBER(SEARCH("Array", FSE!AA:AA)), --(FSE!AB:AB="") ) + SUMPRODUCT( --ISNUMBER(SEARCH("_NT.c", FSE!B:B)), --(FSE!Q:Q="YES"), --ISNUMBER(SEARCH("Array", FSE!AA:AA)), --(FSE!AB:AB="") )} -> 0 | K83: {=SUMPRODUCT( --ISNUMBER(SEARCH("_T.c", FSE!B:B)), --(FSE!S:S=FALSE), --ISNUMBER(SEARCH("Array", FSE!AA:AA)), --(FSE!AB:AB="") ) + SUMPRODUCT( --ISNUMBER(SEARCH("_NT.c", FSE!B:B)), --(FSE!S:S=TRUE), --ISNUMBER(SEARCH("Array", FSE!AA:AA)), --(FSE!AB:AB="") )} -> 0 | L83: {=SUMPRODUCT( --ISNUMBER(SEARCH("_T.c", FSE!B:B)), --(FSE!U:U=FALSE), --ISNUMBER(SEARCH("Array", FSE!AA:AA)), --(FSE!AB:AB="") ) + SUMPRODUCT( --ISNUMBER(SEARCH("_NT.c", FSE!B:B)), --(FSE!U:U=TRUE), --ISNUMBER(SEARCH("Array", FSE!AA:AA)), --(FSE!AB:AB="") )} -> 0 | M83: {=SUMPRODUCT( --ISNUMBER(SEARCH("_T.c", FSE!B:B)), --(FSE!W:W="no"), --ISNUMBER(SEARCH("Array", FSE!AA:AA)), --(FSE!AB:AB="") ) + SUMPRODUCT( --ISNUMBER(SEARCH("_NT.c", FSE!B:B)), --(FSE!W:W="yes"), --ISNUMBER(SEARCH("Array", FSE!AA:AA)), --(FSE!AB:AB="") )} -> 0 | N83: {=SUMPRODUCT( --ISNUMBER(SEARCH("_T.c", FSE!B:B)), --(FSE!Y:Y="NO"), --ISNUMBER(SEARCH("Array", FSE!AA:AA)), --(FSE!AB:AB="") ) + SUMPRODUCT( --ISNUMBER(SEARCH("_NT.c", FSE!B:B)), --(FSE!Y:Y="YES"), --ISNUMBER(SEARCH("Array", FSE!AA:AA)), --(FSE!AB:AB="") )} -> 3
E84: U | F84: {=SUMPRODUCT(--(FSE!C:C="MAYBE"), --ISNUMBER(SEARCH("Array", FSE!AA:AA)), --(FSE!AB:AB=""))} -> 0 | G84: {=SUMPRODUCT(--(FSE!K:K="MAYBE"), --ISNUMBER(SEARCH("Array", FSE!AA:AA)), --(FSE!AB:AB=""))} -> 0 | H84: {=SUMPRODUCT(--(FSE!M:M="MAYBE"), --ISNUMBER(SEARCH("Array", FSE!AA:AA)), --(FSE!AB:AB=""))} -> 0 | I84: {=SUMPRODUCT(--(FSE!O:O="INCONCLUSIVE"), --ISNUMBER(SEARCH("Array", FSE!AA:AA)), --(FSE!AB:AB=""))} -> 7 | J84: {=SUMPRODUCT(--(FSE!Q:Q="MAYBE"), --ISNUMBER(SEARCH("Array", FSE!AA:AA)), --(FSE!AB:AB=""))} -> 13 | K84: {=SUMPRODUCT(--(FSE!S:S="UNKNOWN"), --ISNUMBER(SEARCH("Array", FSE!AA:AA)), --(FSE!AB:AB=""))} -> 3 | L84: {=SUMPRODUCT(--(FSE!U:U="UNKNOWN"), --ISNUMBER(SEARCH("Array", FSE!AA:AA)), --(FSE!AB:AB=""))} -> 14 | M84: {=SUMPRODUCT(--(FSE!W:W="unknown"), --ISNUMBER(SEARCH("Array", FSE!AA:AA)), --(FSE!AB:AB=""))} -> 11 | N84: {=SUMPRODUCT(--(FSE!Y:Y="MAYBE"), --ISNUMBER(SEARCH("Array", FSE!AA:AA)), --(FSE!AB:AB=""))} -> 0
E85: T | F85: {=SUMPRODUCT(--(FSE!C:C="TIMEOUT"), --ISNUMBER(SEARCH("Array", FSE!AA:AA)), --(FSE!AB:AB=""))} -> 12 | G85: {=SUMPRODUCT(--(FSE!K:K="TIMEOUT"), --ISNUMBER(SEARCH("Array", FSE!AA:AA)), --(FSE!AB:AB=""))} -> 11 | H85: {=SUMPRODUCT(--(FSE!M:M="TIMEOUT"), --ISNUMBER(SEARCH("Array", FSE!AA:AA)), --(FSE!AB:AB=""))} -> 10 | I85: {=SUMPRODUCT(--(FSE!O:O="Terminated"), --ISNUMBER(SEARCH("Array", FSE!AA:AA)), --(FSE!AB:AB=""))} -> 0 | J85: {=SUMPRODUCT(--(FSE!Q:Q="TIMEOUT"), --ISNUMBER(SEARCH("Array", FSE!AA:AA)), --(FSE!AB:AB=""))} -> 1 | K85: {=SUMPRODUCT(--(FSE!S:S="TIMEOUT"), --ISNUMBER(SEARCH("Array", FSE!AA:AA)), --(FSE!AB:AB=""))} -> 6 | L85: {=SUMPRODUCT(--(FSE!U:U="TIMEOUT"), --ISNUMBER(SEARCH("Array", FSE!AA:AA)), --(FSE!AB:AB=""))} -> 0 | M85: {=SUMPRODUCT(--(FSE!W:W="timeout"), --ISNUMBER(SEARCH("Array", FSE!AA:AA)), --(FSE!AB:AB=""))} -> 0 | N85: {=SUMPRODUCT(--(FSE!Y:Y="TIMEOUT"), --ISNUMBER(SEARCH("Array", FSE!AA:AA)), --(FSE!AB:AB=""))} -> 2
E86: E | F86: {=SUMPRODUCT((--((FSE!C:C="ERROR") + (FSE!C:C="OOM ERROR"))), --ISNUMBER(SEARCH("Array", FSE!AA:AA)), --(FSE!AB:AB=""))} -> 0 | G86: {=SUMPRODUCT((--((FSE!K:K="ERROR") + (FSE!K:K="OOM ERROR"))), --ISNUMBER(SEARCH("Array", FSE!AA:AA)), --(FSE!AB:AB=""))} -> 0 | H86: {=SUMPRODUCT((--((FSE!M:M="ERROR") + (FSE!M:M="OOM ERROR"))), --ISNUMBER(SEARCH("Array", FSE!AA:AA)), --(FSE!AB:AB=""))} -> 0 | I86: {=SUMPRODUCT(--(FSE!O:O="INTERNAL-ERROR"), --ISNUMBER(SEARCH("Array", FSE!AA:AA)), --(FSE!AB:AB=""))} -> 0 | J86: {=SUMPRODUCT(--(FSE!Q:Q="ERROR"), --ISNUMBER(SEARCH("Array", FSE!AA:AA)), --(FSE!AB:AB=""))} -> 0 | K86: {=SUMPRODUCT(--(FSE!S:S="ERROR"), --ISNUMBER(SEARCH("Array", FSE!AA:AA)), --(FSE!AB:AB=""))} -> 0 | L86: {=SUMPRODUCT(--(FSE!U:U="ERROR"), --ISNUMBER(SEARCH("Array", FSE!AA:AA)), --(FSE!AB:AB=""))} -> 2 | M86: {=SUMPRODUCT(--(FSE!W:W="error"), --ISNUMBER(SEARCH("Array", FSE!AA:AA)), --(FSE!AB:AB=""))} -> 2 | N86: {=SUMPRODUCT(--(FSE!Y:Y="ERROR"), --ISNUMBER(SEARCH("Array", FSE!AA:AA)), --(FSE!AB:AB=""))} -> 4
B87: Data Structure | D87: {=SUMPRODUCT(--ISNUMBER(SEARCH("Structure", FSE!AA:AA)), --(FSE!AB:AB=""))} -> 6 | E87: C | F87: {=SUMPRODUCT( --ISNUMBER(SEARCH("_T.c", FSE!B:B)), --(FSE!C:C="YES"), --ISNUMBER(SEARCH("Structure", FSE!AA:AA)), --(FSE!AB:AB="") ) + SUMPRODUCT( --ISNUMBER(SEARCH("_NT.c", FSE!B:B)), --(FSE!C:C="NO"), --ISNUMBER(SEARCH("Structure", FSE!AA:AA)), --(FSE!AB:AB="") )} -> 2 | G87: {=SUMPRODUCT( --ISNUMBER(SEARCH("_T.c", FSE!B:B)), --(FSE!K:K="YES"), --ISNUMBER(SEARCH("Structure", FSE!AA:AA)), --(FSE!AB:AB="") ) + SUMPRODUCT( --ISNUMBER(SEARCH("_NT.c", FSE!B:B)), --(FSE!K:K="NO"), --ISNUMBER(SEARCH("Structure", FSE!AA:AA)), --(FSE!AB:AB="") )} -> 2 | H87: {=SUMPRODUCT( --ISNUMBER(SEARCH("_T.c", FSE!B:B)), --(FSE!M:M="YES"), --ISNUMBER(SEARCH("Structure", FSE!AA:AA)), --(FSE!AB:AB="") ) + SUMPRODUCT( --ISNUMBER(SEARCH("_NT.c", FSE!B:B)), --(FSE!M:M="NO"), --ISNUMBER(SEARCH("Structure", FSE!AA:AA)), --(FSE!AB:AB="") )} -> 2 | I87: {=SUMPRODUCT( --ISNUMBER(SEARCH("_T.c", FSE!B:B)), --(FSE!O:O=TRUE), --ISNUMBER(SEARCH("Structure", FSE!AA:AA)), --(FSE!AB:AB="") ) + SUMPRODUCT( --ISNUMBER(SEARCH("_NT.c", FSE!B:B)), --(FSE!O:O=FALSE), --ISNUMBER(SEARCH("Structure", FSE!AA:AA)), --(FSE!AB:AB="") )} -> 4 | J87: {=SUMPRODUCT( --ISNUMBER(SEARCH("_T.c", FSE!B:B)), --(FSE!Q:Q="YES"), --ISNUMBER(SEARCH("Structure", FSE!AA:AA)), --(FSE!AB:AB="") ) + SUMPRODUCT( --ISNUMBER(SEARCH("_NT.c", FSE!B:B)), --(FSE!Q:Q="NO"), --ISNUMBER(SEARCH("Structure", FSE!AA:AA)), --(FSE!AB:AB="") )} -> 0 | K87: {=SUMPRODUCT( --ISNUMBER(SEARCH("_T.c", FSE!B:B)), --(FSE!S:S=TRUE), --ISNUMBER(SEARCH("Structure", FSE!AA:AA)), --(FSE!AB:AB="") ) + SUMPRODUCT( --ISNUMBER(SEARCH("_NT.c", FSE!B:B)), --(FSE!S:S=FALSE), --ISNUMBER(SEARCH("Structure", FSE!AA:AA)), --(FSE!AB:AB="") )} -> 2 | L87: {=SUMPRODUCT( --ISNUMBER(SEARCH("_T.c", FSE!B:B)), --(FSE!U:U=TRUE), --ISNUMBER(SEARCH("Structure", FSE!AA:AA)), --(FSE!AB:AB="") ) + SUMPRODUCT( --ISNUMBER(SEARCH("_NT.c", FSE!B:B)), --(FSE!U:U=FALSE), --ISNUMBER(SEARCH("Structure", FSE!AA:AA)), --(FSE!AB:AB="") )} -> 0 | M87: {=SUMPRODUCT( --ISNUMBER(SEARCH("_T.c", FSE!B:B)), --(FSE!W:W="yes"), --ISNUMBER(SEARCH("Structure", FSE!AA:AA)), --(FSE!AB:AB="") ) + SUMPRODUCT( --ISNUMBER(SEARCH("_NT.c", FSE!B:B)), --(FSE!W:W="no"), --ISNUMBER(SEARCH("Structure", FSE!AA:AA)), --(FSE!AB:AB="") )} -> 0 | N87: {=SUMPRODUCT( --ISNUMBER(SEARCH("_T.c", FSE!B:B)), --(FSE!Y:Y="YES"), --ISNUMBER(SEARCH("Structure", FSE!AA:AA)), --(FSE!AB:AB="") ) + SUMPRODUCT( --ISNUMBER(SEARCH("_NT.c", FSE!B:B)), --(FSE!Y:Y="NO"), --ISNUMBER(SEARCH("Structure", FSE!AA:AA)), --(FSE!AB:AB="") )} -> 1
E88: W | F88: {=SUMPRODUCT( --ISNUMBER(SEARCH("_T.c", FSE!B:B)), --(FSE!C:C="NO"), --ISNUMBER(SEARCH("Structure", FSE!AA:AA)), --(FSE!AB:AB="") ) + SUMPRODUCT( --ISNUMBER(SEARCH("_NT.c", FSE!B:B)), --(FSE!C:C="YES"), --ISNUMBER(SEARCH("Structure", FSE!AA:AA)), --(FSE!AB:AB="") )} -> 0 | G88: {=SUMPRODUCT( --ISNUMBER(SEARCH("_T.c", FSE!B:B)), --(FSE!K:K="NO"), --ISNUMBER(SEARCH("Structure", FSE!AA:AA)), --(FSE!AB:AB="") ) + SUMPRODUCT( --ISNUMBER(SEARCH("_NT.c", FSE!B:B)), --(FSE!K:K="YES"), --ISNUMBER(SEARCH("Structure", FSE!AA:AA)), --(FSE!AB:AB="") )} -> 0 | H88: {=SUMPRODUCT( --ISNUMBER(SEARCH("_T.c", FSE!B:B)), --(FSE!M:M="NO"), --ISNUMBER(SEARCH("Structure", FSE!AA:AA)), --(FSE!AB:AB="") ) + SUMPRODUCT( --ISNUMBER(SEARCH("_NT.c", FSE!B:B)), --(FSE!M:M="YES"), --ISNUMBER(SEARCH("Structure", FSE!AA:AA)), --(FSE!AB:AB="") )} -> 0 | I88: {=SUMPRODUCT( --ISNUMBER(SEARCH("_T.c", FSE!B:B)), --(FSE!O:O=FALSE), --ISNUMBER(SEARCH("Structure", FSE!AA:AA)), --(FSE!AB:AB="") ) + SUMPRODUCT( --ISNUMBER(SEARCH("_NT.c", FSE!B:B)), --(FSE!O:O=TRUE), --ISNUMBER(SEARCH("Structure", FSE!AA:AA)), --(FSE!AB:AB="") )} -> 2 | J88: {=SUMPRODUCT( --ISNUMBER(SEARCH("_T.c", FSE!B:B)), --(FSE!Q:Q="NO"), --ISNUMBER(SEARCH("Structure", FSE!AA:AA)), --(FSE!AB:AB="") ) + SUMPRODUCT( --ISNUMBER(SEARCH("_NT.c", FSE!B:B)), --(FSE!Q:Q="YES"), --ISNUMBER(SEARCH("Structure", FSE!AA:AA)), --(FSE!AB:AB="") )} -> 0 | K88: {=SUMPRODUCT( --ISNUMBER(SEARCH("_T.c", FSE!B:B)), --(FSE!S:S=FALSE), --ISNUMBER(SEARCH("Structure", FSE!AA:AA)), --(FSE!AB:AB="") ) + SUMPRODUCT( --ISNUMBER(SEARCH("_NT.c", FSE!B:B)), --(FSE!S:S=TRUE), --ISNUMBER(SEARCH("Structure", FSE!AA:AA)), --(FSE!AB:AB="") )} -> 0 | L88: {=SUMPRODUCT( --ISNUMBER(SEARCH("_T.c", FSE!B:B)), --(FSE!U:U=FALSE), --ISNUMBER(SEARCH("Structure", FSE!AA:AA)), --(FSE!AB:AB="") ) + SUMPRODUCT( --ISNUMBER(SEARCH("_NT.c", FSE!B:B)), --(FSE!U:U=TRUE), --ISNUMBER(SEARCH("Structure", FSE!AA:AA)), --(FSE!AB:AB="") )} -> 0 | M88: {=SUMPRODUCT( --ISNUMBER(SEARCH("_T.c", FSE!B:B)), --(FSE!W:W="no"), --ISNUMBER(SEARCH("Structure", FSE!AA:AA)), --(FSE!AB:AB="") ) + SUMPRODUCT( --ISNUMBER(SEARCH("_NT.c", FSE!B:B)), --(FSE!W:W="yes"), --ISNUMBER(SEARCH("Structure", FSE!AA:AA)), --(FSE!AB:AB="") )} -> 0 | N88: {=SUMPRODUCT( --ISNUMBER(SEARCH("_T.c", FSE!B:B)), --(FSE!Y:Y="NO"), --ISNUMBER(SEARCH("Structure", FSE!AA:AA)), --(FSE!AB:AB="") ) + SUMPRODUCT( --ISNUMBER(SEARCH("_NT.c", FSE!B:B)), --(FSE!Y:Y="YES"), --ISNUMBER(SEARCH("Structure", FSE!AA:AA)), --(FSE!AB:AB="") )} -> 1
E89: U | F89: {=SUMPRODUCT(--(FSE!C:C="MAYBE"), --ISNUMBER(SEARCH("Structure", FSE!AA:AA)), --(FSE!AB:AB=""))} -> 0 | G89: {=SUMPRODUCT(--(FSE!K:K="MAYBE"), --ISNUMBER(SEARCH("Structure", FSE!AA:AA)), --(FSE!AB:AB=""))} -> 0 | H89: {=SUMPRODUCT(--(FSE!M:M="MAYBE"),--ISNUMBER(SEARCH("Structure",FSE!AA:AA)), --(FSE!AB:AB=""))} -> 0 | I89: {=SUMPRODUCT(--(FSE!O:O="INCONCLUSIVE"), --ISNUMBER(SEARCH("Structure", FSE!AA:AA)), --(FSE!AB:AB=""))} -> 0 | J89: {=SUMPRODUCT(--(FSE!Q:Q="MAYBE"), --ISNUMBER(SEARCH("Structure", FSE!AA:AA)), --(FSE!AB:AB=""))} -> 6 | K89: {=SUMPRODUCT(--(FSE!S:S="UNKNOWN"), --ISNUMBER(SEARCH("Structure", FSE!AA:AA)), --(FSE!AB:AB=""))} -> 0 | L89: {=SUMPRODUCT(--(FSE!U:U="UNKNOWN"), --ISNUMBER(SEARCH("Structure", FSE!AA:AA)), --(FSE!AB:AB=""))} -> 0 | M89: {=SUMPRODUCT(--(FSE!W:W="unknown"), --ISNUMBER(SEARCH("Structure", FSE!AA:AA)), --(FSE!AB:AB=""))} -> 6 | N89: {=SUMPRODUCT(--(FSE!Y:Y="MAYBE"), --ISNUMBER(SEARCH("Structure", FSE!AA:AA)), --(FSE!AB:AB=""))} -> 0
E90: T | F90: {=SUMPRODUCT(--(FSE!C:C="TIMEOUT"), --ISNUMBER(SEARCH("Structure", FSE!AA:AA)), --(FSE!AB:AB=""))} -> 4 | G90: {=SUMPRODUCT(--(FSE!K:K="TIMEOUT"), --ISNUMBER(SEARCH("Structure", FSE!AA:AA)), --(FSE!AB:AB=""))} -> 3 | H90: {=SUMPRODUCT(--(FSE!M:M="TIMEOUT"), --ISNUMBER(SEARCH("Structure", FSE!AA:AA)), --(FSE!AB:AB=""))} -> 4 | I90: {=SUMPRODUCT(--(FSE!O:O="Terminated"), --ISNUMBER(SEARCH("Structure", FSE!AA:AA)), --(FSE!AB:AB=""))} -> 0 | J90: {=SUMPRODUCT(--(FSE!Q:Q="TIMEOUT"), --ISNUMBER(SEARCH("Structure", FSE!AA:AA)), --(FSE!AB:AB=""))} -> 0 | K90: {=SUMPRODUCT(--(FSE!S:S="TIMEOUT"), --ISNUMBER(SEARCH("Structure", FSE!AA:AA)), --(FSE!AB:AB=""))} -> 3 | L90: {=SUMPRODUCT(--(FSE!U:U="TIMEOUT"), --ISNUMBER(SEARCH("Structure", FSE!AA:AA)), --(FSE!AB:AB=""))} -> 0 | M90: {=SUMPRODUCT(--(FSE!W:W="timeout"), --ISNUMBER(SEARCH("Structure", FSE!AA:AA)), --(FSE!AB:AB=""))} -> 0 | N90: {=SUMPRODUCT(--(FSE!Y:Y="TIMEOUT"), --ISNUMBER(SEARCH("Structure", FSE!AA:AA)), --(FSE!AB:AB=""))} -> 0 | O90: A | P90: E
E91: E | F91: {=SUMPRODUCT((--((FSE!C:C="ERROR") + (FSE!C:C="OOM ERROR"))), --ISNUMBER(SEARCH("Structure", FSE!AA:AA)), --(FSE!AB:AB=""))} -> 0 | G91: {=SUMPRODUCT((--((FSE!K:K="ERROR") + (FSE!K:K="OOM ERROR"))), --ISNUMBER(SEARCH("Structure", FSE!AA:AA)), --(FSE!AB:AB=""))} -> 1 | H91: {=SUMPRODUCT((--((FSE!M:M="ERROR") + (FSE!M:M="OOM ERROR"))), --ISNUMBER(SEARCH("Structure", FSE!AA:AA)), --(FSE!AB:AB=""))} -> 0 | I91: {=SUMPRODUCT(--(FSE!O:O="INTERNAL-ERROR"), --ISNUMBER(SEARCH("Structure", FSE!AA:AA)), --(FSE!AB:AB=""))} -> 0 | J91: {=SUMPRODUCT(--(FSE!Q:Q="ERROR"), --ISNUMBER(SEARCH("Structure", FSE!AA:AA)), --(FSE!AB:AB=""))} -> 0 | K91: {=SUMPRODUCT(--(FSE!S:S="ERROR"), --ISNUMBER(SEARCH("Structure", FSE!AA:AA)), --(FSE!AB:AB=""))} -> 1 | L91: {=SUMPRODUCT(--(FSE!U:U="ERROR"), --ISNUMBER(SEARCH("Structure", FSE!AA:AA)), --(FSE!AB:AB=""))} -> 6 | M91: {=SUMPRODUCT(--(FSE!W:W="error"), --ISNUMBER(SEARCH("Structure", FSE!AA:AA)), --(FSE!AB:AB=""))} -> 0 | N91: {=SUMPRODUCT(--(FSE!Y:Y="ERROR"), --ISNUMBER(SEARCH("Structure", FSE!AA:AA)), --(FSE!AB:AB=""))} -> 4 | O91: {=SUMPRODUCT((--((FSE!K:K="ERROR"))), --ISNUMBER(SEARCH("Structure", FSE!AA:AA)), --(FSE!AB:AB=""))} -> 0 | P91: {=SUMPRODUCT((--((FSE!K:K="OOM ERROR"))), --ISNUMBER(SEARCH("Structure", FSE!AA:AA)), --(FSE!AB:AB=""))} -> 1
B92: Bit Calculation | D92: {=SUMPRODUCT(--ISNUMBER(SEARCH("Bit Calculation", FSE!AA:AA)), --(FSE!AB:AB=""))} -> 8 | E92: C | F92: {=SUMPRODUCT( --ISNUMBER(SEARCH("_T.c", FSE!B:B)), --(FSE!C:C="YES"), --ISNUMBER(SEARCH("Bit Calculation", FSE!AA:AA)), --(FSE!AB:AB="") ) + SUMPRODUCT( --ISNUMBER(SEARCH("_NT.c", FSE!B:B)), --(FSE!C:C="NO"), --ISNUMBER(SEARCH("Bit Calculation", FSE!AA:AA)), --(FSE!AB:AB="") )} -> 8 | G92: {=SUMPRODUCT( --ISNUMBER(SEARCH("_T.c", FSE!B:B)), --(FSE!K:K="YES"), --ISNUMBER(SEARCH("Bit Calculation", FSE!AA:AA)), --(FSE!AB:AB="") ) + SUMPRODUCT( --ISNUMBER(SEARCH("_NT.c", FSE!B:B)), --(FSE!K:K="NO"), --ISNUMBER(SEARCH("Bit Calculation", FSE!AA:AA)), --(FSE!AB:AB="") )} -> 0 | H92: {=SUMPRODUCT( --ISNUMBER(SEARCH("_T.c", FSE!B:B)), --(FSE!M:M="YES"), --ISNUMBER(SEARCH("Bit Calculation", FSE!AA:AA)), --(FSE!AB:AB="") ) + SUMPRODUCT( --ISNUMBER(SEARCH("_NT.c", FSE!B:B)), --(FSE!M:M="NO"), --ISNUMBER(SEARCH("Bit Calculation", FSE!AA:AA)), --(FSE!AB:AB="") )} -> 8 | I92: {=SUMPRODUCT( --ISNUMBER(SEARCH("_T.c", FSE!B:B)), --(FSE!O:O=TRUE), --ISNUMBER(SEARCH("Bit Calculation", FSE!AA:AA)), --(FSE!AB:AB="") ) + SUMPRODUCT( --ISNUMBER(SEARCH("_NT.c", FSE!B:B)), --(FSE!O:O=FALSE), --ISNUMBER(SEARCH("Bit Calculation", FSE!AA:AA)), --(FSE!AB:AB="") )} -> 7 | J92: {=SUMPRODUCT( --ISNUMBER(SEARCH("_T.c", FSE!B:B)), --(FSE!Q:Q="YES"), --ISNUMBER(SEARCH("Bit Calculation", FSE!AA:AA)), --(FSE!AB:AB="") ) + SUMPRODUCT( --ISNUMBER(SEARCH("_NT.c", FSE!B:B)), --(FSE!Q:Q="NO"), --ISNUMBER(SEARCH("Bit Calculation", FSE!AA:AA)), --(FSE!AB:AB="") )} -> 0 | K92: {=SUMPRODUCT( --ISNUMBER(SEARCH("_T.c", FSE!B:B)), --(FSE!S:S=TRUE), --ISNUMBER(SEARCH("Bit Calculation", FSE!AA:AA)), --(FSE!AB:AB="") ) + SUMPRODUCT( --ISNUMBER(SEARCH("_NT.c", FSE!B:B)), --(FSE!S:S=FALSE), --ISNUMBER(SEARCH("Bit Calculation", FSE!AA:AA)), --(FSE!AB:AB="") )} -> 4 | L92: {=SUMPRODUCT( --ISNUMBER(SEARCH("_T.c", FSE!B:B)), --(FSE!U:U=TRUE), --ISNUMBER(SEARCH("Bit Calculation", FSE!AA:AA)), --(FSE!AB:AB="") ) + SUMPRODUCT( --ISNUMBER(SEARCH("_NT.c", FSE!B:B)), --(FSE!U:U=FALSE), --ISNUMBER(SEARCH("Bit Calculation", FSE!AA:AA)), --(FSE!AB:AB="") )} -> 0 | M92: {=SUMPRODUCT( --ISNUMBER(SEARCH("_T.c", FSE!B:B)), --(FSE!W:W="yes"), --ISNUMBER(SEARCH("Bit Calculation", FSE!AA:AA)), --(FSE!AB:AB="") ) + SUMPRODUCT( --ISNUMBER(SEARCH("_NT.c", FSE!B:B)), --(FSE!W:W="no"), --ISNUMBER(SEARCH("Bit Calculation", FSE!AA:AA)), --(FSE!AB:AB="") )} -> 2 | N92: {=SUMPRODUCT( --ISNUMBER(SEARCH("_T.c", FSE!B:B)), --(FSE!Y:Y="YES"), --ISNUMBER(SEARCH("Bit Calculation", FSE!AA:AA)), --(FSE!AB:AB="") ) + SUMPRODUCT( --ISNUMBER(SEARCH("_NT.c", FSE!B:B)), --(FSE!Y:Y="NO"), --ISNUMBER(SEARCH("Bit Calculation", FSE!AA:AA)), --(FSE!AB:AB="") )} -> 4
E93: W | F93: {=SUMPRODUCT( --ISNUMBER(SEARCH("_T.c", FSE!B:B)), --(FSE!C:C="NO"), --ISNUMBER(SEARCH("Bit Calculation", FSE!AA:AA)), --(FSE!AB:AB="") ) + SUMPRODUCT( --ISNUMBER(SEARCH("_NT.c", FSE!B:B)), --(FSE!C:C="YES"), --ISNUMBER(SEARCH("Bit Calculation", FSE!AA:AA)), --(FSE!AB:AB="") )} -> 0 | G93: {=SUMPRODUCT( --ISNUMBER(SEARCH("_T.c", FSE!B:B)), --(FSE!K:K="NO"), --ISNUMBER(SEARCH("Bit Calculation", FSE!AA:AA)), --(FSE!AB:AB="") ) + SUMPRODUCT( --ISNUMBER(SEARCH("_NT.c", FSE!B:B)), --(FSE!K:K="YES"), --ISNUMBER(SEARCH("Bit Calculation", FSE!AA:AA)), --(FSE!AB:AB="") )} -> 0 | H93: {=SUMPRODUCT( --ISNUMBER(SEARCH("_T.c", FSE!B:B)), --(FSE!M:M="NO"), --ISNUMBER(SEARCH("Bit Calculation", FSE!AA:AA)), --(FSE!AB:AB="") ) + SUMPRODUCT( --ISNUMBER(SEARCH("_NT.c", FSE!B:B)), --(FSE!M:M="YES"), --ISNUMBER(SEARCH("Bit Calculation", FSE!AA:AA)), --(FSE!AB:AB="") )} -> 0 | I93: {=SUMPRODUCT( --ISNUMBER(SEARCH("_T.c", FSE!B:B)), --(FSE!O:O=FALSE), --ISNUMBER(SEARCH("Bit Calculation", FSE!AA:AA)), --(FSE!AB:AB="") ) + SUMPRODUCT( --ISNUMBER(SEARCH("_NT.c", FSE!B:B)), --(FSE!O:O=TRUE), --ISNUMBER(SEARCH("Bit Calculation", FSE!AA:AA)), --(FSE!AB:AB="") )} -> 0 | J93: {=SUMPRODUCT( --ISNUMBER(SEARCH("_T.c", FSE!B:B)), --(FSE!Q:Q="NO"), --ISNUMBER(SEARCH("Bit Calculation", FSE!AA:AA)), --(FSE!AB:AB="") ) + SUMPRODUCT( --ISNUMBER(SEARCH("_NT.c", FSE!B:B)), --(FSE!Q:Q="YES"), --ISNUMBER(SEARCH("Bit Calculation", FSE!AA:AA)), --(FSE!AB:AB="") )} -> 0 | K93: {=SUMPRODUCT( --ISNUMBER(SEARCH("_T.c", FSE!B:B)), --(FSE!S:S=FALSE), --ISNUMBER(SEARCH("Bit Calculation", FSE!AA:AA)), --(FSE!AB:AB="") ) + SUMPRODUCT( --ISNUMBER(SEARCH("_NT.c", FSE!B:B)), --(FSE!S:S=TRUE), --ISNUMBER(SEARCH("Bit Calculation", FSE!AA:AA)), --(FSE!AB:AB="") )} -> 0 | L93: {=SUMPRODUCT( --ISNUMBER(SEARCH("_T.c", FSE!B:B)), --(FSE!U:U=FALSE), --ISNUMBER(SEARCH("Bit Calculation", FSE!AA:AA)), --(FSE!AB:AB="") ) + SUMPRODUCT( --ISNUMBER(SEARCH("_NT.c", FSE!B:B)), --(FSE!U:U=TRUE), --ISNUMBER(SEARCH("Bit Calculation", FSE!AA:AA)), --(FSE!AB:AB="") )} -> 0 | M93: {=SUMPRODUCT( --ISNUMBER(SEARCH("_T.c", FSE!B:B)), --(FSE!W:W="no"), --ISNUMBER(SEARCH("Bit Calculation", FSE!AA:AA)), --(FSE!AB:AB="") ) + SUMPRODUCT( --ISNUMBER(SEARCH("_NT.c", FSE!B:B)), --(FSE!W:W="yes"), --ISNUMBER(SEARCH("Bit Calculation", FSE!AA:AA)), --(FSE!AB:AB="") )} -> 0 | N93: {=SUMPRODUCT( --ISNUMBER(SEARCH("_T.c", FSE!B:B)), --(FSE!Y:Y="NO"), --ISNUMBER(SEARCH("Bit Calculation", FSE!AA:AA)), --(FSE!AB:AB="") ) + SUMPRODUCT( --ISNUMBER(SEARCH("_NT.c", FSE!B:B)), --(FSE!Y:Y="YES"), --ISNUMBER(SEARCH("Bit Calculation", FSE!AA:AA)), --(FSE!AB:AB="") )} -> 4
E94: U | F94: {=SUMPRODUCT(--(FSE!C:C="MAYBE"), --ISNUMBER(SEARCH("Bit Calculation", FSE!AA:AA)), --(FSE!AB:AB=""))} -> 0 | G94: {=SUMPRODUCT(--(FSE!K:K="MAYBE"), --ISNUMBER(SEARCH("Bit Calculation", FSE!AA:AA)), --(FSE!AB:AB=""))} -> 0 | H94: {=SUMPRODUCT(--(FSE!M:M="MAYBE"), --ISNUMBER(SEARCH("Bit Calculation", FSE!AA:AA)), --(FSE!AB:AB=""))} -> 0 | I94: {=SUMPRODUCT(--(FSE!O:O="INCONCLUSIVE"), --ISNUMBER(SEARCH("Bit Calculation", FSE!AA:AA)), --(FSE!AB:AB=""))} -> 1 | J94: {=SUMPRODUCT(--(FSE!Q:Q="MAYBE"), --ISNUMBER(SEARCH("Bit Calculation", FSE!AA:AA)), --(FSE!AB:AB=""))} -> 8 | K94: {=SUMPRODUCT(--(FSE!S:S="UNKNOWN"), --ISNUMBER(SEARCH("Bit Calculation", FSE!AA:AA)), --(FSE!AB:AB=""))} -> 4 | L94: {=SUMPRODUCT(--(FSE!U:U="UNKNOWN"), --ISNUMBER(SEARCH("Bit Calculation", FSE!AA:AA)), --(FSE!AB:AB=""))} -> 8 | M94: {=SUMPRODUCT(--(FSE!W:W="unknown"), --ISNUMBER(SEARCH("Bit Calculation", FSE!AA:AA)), --(FSE!AB:AB=""))} -> 6 | N94: {=SUMPRODUCT(--(FSE!Y:Y="MAYBE"), --ISNUMBER(SEARCH("Bit Calculation", FSE!AA:AA)), --(FSE!AB:AB=""))} -> 0
E95: T | F95: {=SUMPRODUCT(--(FSE!C:C="TIMEOUT"), --ISNUMBER(SEARCH("Bit Calculation", FSE!AA:AA)), --(FSE!AB:AB=""))} -> 0 | G95: {=SUMPRODUCT(--(FSE!K:K="TIMEOUT"), --ISNUMBER(SEARCH("Bit Calculation", FSE!AA:AA)), --(FSE!AB:AB=""))} -> 0 | H95: {=SUMPRODUCT(--(FSE!M:M="TIMEOUT"), --ISNUMBER(SEARCH("Bit Calculation", FSE!AA:AA)), --(FSE!AB:AB=""))} -> 0 | I95: {=SUMPRODUCT(--(FSE!O:O="Terminated"), --ISNUMBER(SEARCH("Bit Calculation", FSE!AA:AA)), --(FSE!AB:AB=""))} -> 0 | J95: {=SUMPRODUCT(--(FSE!Q:Q="TIMEOUT"), --ISNUMBER(SEARCH("Bit Calculation", FSE!AA:AA)), --(FSE!AB:AB=""))} -> 0 | K95: {=SUMPRODUCT(--(FSE!S:S="TIMEOUT"), --ISNUMBER(SEARCH("Bit Calculation", FSE!AA:AA)), --(FSE!AB:AB=""))} -> 0 | L95: {=SUMPRODUCT(--(FSE!U:U="TIMEOUT"), --ISNUMBER(SEARCH("Bit Calculation", FSE!AA:AA)), --(FSE!AB:AB=""))} -> 0 | M95: {=SUMPRODUCT(--(FSE!W:W="timeout"), --ISNUMBER(SEARCH("Bit Calculation", FSE!AA:AA)), --(FSE!AB:AB=""))} -> 0 | N95: {=SUMPRODUCT(--(FSE!Y:Y="TIMEOUT"), --ISNUMBER(SEARCH("Bit Calculation", FSE!AA:AA)), --(FSE!AB:AB=""))} -> 0 | O95: A | P95: E
E96: E | F96: {=SUMPRODUCT((--((FSE!C:C="ERROR") + (FSE!C:C="OOM ERROR"))), --ISNUMBER(SEARCH("Bit Calculation", FSE!AA:AA)), --(FSE!AB:AB=""))} -> 0 | G96: {=SUMPRODUCT((--((FSE!K:K="ERROR") + (FSE!K:K="OOM ERROR"))), --ISNUMBER(SEARCH("Bit Calculation", FSE!AA:AA)), --(FSE!AB:AB=""))} -> 8 | H96: {=SUMPRODUCT((--((FSE!M:M="ERROR") + (FSE!M:M="OOM ERROR"))), --ISNUMBER(SEARCH("Bit Calculation", FSE!AA:AA)), --(FSE!AB:AB=""))} -> 0 | I96: {=SUMPRODUCT(--(FSE!O:O="INTERNAL-ERROR"), --ISNUMBER(SEARCH("Bit Calculation", FSE!AA:AA)), --(FSE!AB:AB=""))} -> 0 | J96: {=SUMPRODUCT(--(FSE!Q:Q="ERROR"), --ISNUMBER(SEARCH("Bit Calculation", FSE!AA:AA)), --(FSE!AB:AB=""))} -> 0 | K96: {=SUMPRODUCT(--(FSE!S:S="ERROR"), --ISNUMBER(SEARCH("Bit Calculation", FSE!AA:AA)), --(FSE!AB:AB=""))} -> 0 | L96: {=SUMPRODUCT(--(FSE!U:U="ERROR"), --ISNUMBER(SEARCH("Bit Calculation", FSE!AA:AA)), --(FSE!AB:AB=""))} -> 0 | M96: {=SUMPRODUCT(--(FSE!W:W="error"), --ISNUMBER(SEARCH("Bit Calculation", FSE!AA:AA)), --(FSE!AB:AB=""))} -> 0 | N96: {=SUMPRODUCT(--(FSE!Y:Y="ERROR"), --ISNUMBER(SEARCH("Bit Calculation", FSE!AA:AA)), --(FSE!AB:AB=""))} -> 0 | O96: {=SUMPRODUCT((--((FSE!K:K="ERROR"))), --ISNUMBER(SEARCH("Bit Calculation", FSE!AA:AA)), --(FSE!AB:AB=""))} -> 8 | P96: {=SUMPRODUCT((--((FSE!K:K="OOM ERROR"))), --ISNUMBER(SEARCH("Bit Calculation", FSE!AA:AA)), --(FSE!AB:AB=""))} -> 0
B97: Integer Underflow/Overflow | D97: {=SUMPRODUCT(--ISNUMBER(SEARCH("Overflow/Underflow", FSE!AA:AA)), --(FSE!AB:AB=""))} -> 23 | E97: C | F97: {=SUMPRODUCT( --ISNUMBER(SEARCH("_T.c", FSE!B:B)), --(FSE!C:C="YES"), --ISNUMBER(SEARCH("Overflow/Underflow", FSE!AA:AA)), --(FSE!AB:AB="") ) + SUMPRODUCT( --ISNUMBER(SEARCH("_NT.c", FSE!B:B)), --(FSE!C:C="NO"), --ISNUMBER(SEARCH("Overflow/Underflow", FSE!AA:AA)), --(FSE!AB:AB="") )} -> 21 | G97: {=SUMPRODUCT( --ISNUMBER(SEARCH("_T.c", FSE!B:B)), --(FSE!K:K="YES"), --ISNUMBER(SEARCH("Overflow/Underflow", FSE!AA:AA)), --(FSE!AB:AB="") ) + SUMPRODUCT( --ISNUMBER(SEARCH("_NT.c", FSE!B:B)), --(FSE!K:K="NO"), --ISNUMBER(SEARCH("Overflow/Underflow", FSE!AA:AA)), --(FSE!AB:AB="") )} -> 16 | H97: {=SUMPRODUCT( --ISNUMBER(SEARCH("_T.c", FSE!B:B)), --(FSE!M:M="YES"), --ISNUMBER(SEARCH("Overflow/Underflow", FSE!AA:AA)), --(FSE!AB:AB="") ) + SUMPRODUCT( --ISNUMBER(SEARCH("_NT.c", FSE!B:B)), --(FSE!M:M="NO"), --ISNUMBER(SEARCH("Overflow/Underflow", FSE!AA:AA)), --(FSE!AB:AB="") )} -> 22 | I97: {=SUMPRODUCT( --ISNUMBER(SEARCH("_T.c", FSE!B:B)), --(FSE!O:O=TRUE), --ISNUMBER(SEARCH("Overflow/Underflow", FSE!AA:AA)), --(FSE!AB:AB="") ) + SUMPRODUCT( --ISNUMBER(SEARCH("_NT.c", FSE!B:B)), --(FSE!O:O=FALSE), --ISNUMBER(SEARCH("Overflow/Underflow", FSE!AA:AA)), --(FSE!AB:AB="") )} -> 18 | J97: {=SUMPRODUCT( --ISNUMBER(SEARCH("_T.c", FSE!B:B)), --(FSE!Q:Q="YES"), --ISNUMBER(SEARCH("Overflow/Underflow", FSE!AA:AA)), --(FSE!AB:AB="") ) + SUMPRODUCT( --ISNUMBER(SEARCH("_NT.c", FSE!B:B)), --(FSE!Q:Q="NO"), --ISNUMBER(SEARCH("Overflow/Underflow", FSE!AA:AA)), --(FSE!AB:AB="") )} -> 9 | K97: {=SUMPRODUCT( --ISNUMBER(SEARCH("_T.c", FSE!B:B)), --(FSE!S:S=TRUE), --ISNUMBER(SEARCH("Overflow/Underflow", FSE!AA:AA)), --(FSE!AB:AB="") ) + SUMPRODUCT( --ISNUMBER(SEARCH("_NT.c", FSE!B:B)), --(FSE!S:S=FALSE), --ISNUMBER(SEARCH("Overflow/Underflow", FSE!AA:AA)), --(FSE!AB:AB="") )} -> 7 | L97: {=SUMPRODUCT( --ISNUMBER(SEARCH("_T.c", FSE!B:B)), --(FSE!U:U=TRUE), --ISNUMBER(SEARCH("Overflow/Underflow", FSE!AA:AA)), --(FSE!AB:AB="") ) + SUMPRODUCT( --ISNUMBER(SEARCH("_NT.c", FSE!B:B)), --(FSE!U:U=FALSE), --ISNUMBER(SEARCH("Overflow/Underflow", FSE!AA:AA)), --(FSE!AB:AB="") )} -> 5 | M97: {=SUMPRODUCT( --ISNUMBER(SEARCH("_T.c", FSE!B:B)), --(FSE!W:W="yes"), --ISNUMBER(SEARCH("Overflow/Underflow", FSE!AA:AA)), --(FSE!AB:AB="") ) + SUMPRODUCT( --ISNUMBER(SEARCH("_NT.c", FSE!B:B)), --(FSE!W:W="no"), --ISNUMBER(SEARCH("Overflow/Underflow", FSE!AA:AA)), --(FSE!AB:AB="") )} -> 9 | N97: {=SUMPRODUCT( --ISNUMBER(SEARCH("_T.c", FSE!B:B)), --(FSE!Y:Y="YES"), --ISNUMBER(SEARCH("Overflow/Underflow", FSE!AA:AA)), --(FSE!AB:AB="") ) + SUMPRODUCT( --ISNUMBER(SEARCH("_NT.c", FSE!B:B)), --(FSE!Y:Y="NO"), --ISNUMBER(SEARCH("Overflow/Underflow", FSE!AA:AA)), --(FSE!AB:AB="") )} -> 16
E98: W | F98: {=SUMPRODUCT( --ISNUMBER(SEARCH("_T.c", FSE!B:B)), --(FSE!C:C="NO"), --ISNUMBER(SEARCH("Overflow/Underflow", FSE!AA:AA)), --(FSE!AB:AB="") ) + SUMPRODUCT( --ISNUMBER(SEARCH("_NT.c", FSE!B:B)), --(FSE!C:C="YES"), --ISNUMBER(SEARCH("Overflow/Underflow", FSE!AA:AA)), --(FSE!AB:AB="") )} -> 0 | G98: {=SUMPRODUCT( --ISNUMBER(SEARCH("_T.c", FSE!B:B)), --(FSE!K:K="NO"), --ISNUMBER(SEARCH("Overflow/Underflow", FSE!AA:AA)), --(FSE!AB:AB="") ) + SUMPRODUCT( --ISNUMBER(SEARCH("_NT.c", FSE!B:B)), --(FSE!K:K="YES"), --ISNUMBER(SEARCH("Overflow/Underflow", FSE!AA:AA)), --(FSE!AB:AB="") )} -> 0 | H98: {=SUMPRODUCT( --ISNUMBER(SEARCH("_T.c", FSE!B:B)), --(FSE!M:M="NO"), --ISNUMBER(SEARCH("Overflow/Underflow", FSE!AA:AA)), --(FSE!AB:AB="") ) + SUMPRODUCT( --ISNUMBER(SEARCH("_NT.c", FSE!B:B)), --(FSE!M:M="YES"), --ISNUMBER(SEARCH("Overflow/Underflow", FSE!AA:AA)), --(FSE!AB:AB="") )} -> 0 | I98: {=SUMPRODUCT( --ISNUMBER(SEARCH("_T.c", FSE!B:B)), --(FSE!O:O=FALSE), --ISNUMBER(SEARCH("Overflow/Underflow", FSE!AA:AA)), --(FSE!AB:AB="") ) + SUMPRODUCT( --ISNUMBER(SEARCH("_NT.c", FSE!B:B)), --(FSE!O:O=TRUE), --ISNUMBER(SEARCH("Overflow/Underflow", FSE!AA:AA)), --(FSE!AB:AB="") )} -> 4 | J98: {=SUMPRODUCT( --ISNUMBER(SEARCH("_T.c", FSE!B:B)), --(FSE!Q:Q="NO"), --ISNUMBER(SEARCH("Overflow/Underflow", FSE!AA:AA)), --(FSE!AB:AB="") ) + SUMPRODUCT( --ISNUMBER(SEARCH("_NT.c", FSE!B:B)), --(FSE!Q:Q="YES"), --ISNUMBER(SEARCH("Overflow/Underflow", FSE!AA:AA)), --(FSE!AB:AB="") )} -> 3 | K98: {=SUMPRODUCT( --ISNUMBER(SEARCH("_T.c", FSE!B:B)), --(FSE!S:S=FALSE), --ISNUMBER(SEARCH("Overflow/Underflow", FSE!AA:AA)), --(FSE!AB:AB="") ) + SUMPRODUCT( --ISNUMBER(SEARCH("_NT.c", FSE!B:B)), --(FSE!S:S=TRUE), --ISNUMBER(SEARCH("Overflow/Underflow", FSE!AA:AA)), --(FSE!AB:AB="") )} -> 0 | L98: {=SUMPRODUCT( --ISNUMBER(SEARCH("_T.c", FSE!B:B)), --(FSE!U:U=FALSE), --ISNUMBER(SEARCH("Overflow/Underflow", FSE!AA:AA)), --(FSE!AB:AB="") ) + SUMPRODUCT( --ISNUMBER(SEARCH("_NT.c", FSE!B:B)), --(FSE!U:U=TRUE), --ISNUMBER(SEARCH("Overflow/Underflow", FSE!AA:AA)), --(FSE!AB:AB="") )} -> 4 | M98: {=SUMPRODUCT( --ISNUMBER(SEARCH("_T.c", FSE!B:B)), --(FSE!W:W="no"), --ISNUMBER(SEARCH("Overflow/Underflow", FSE!AA:AA)), --(FSE!AB:AB="") ) + SUMPRODUCT( --ISNUMBER(SEARCH("_NT.c", FSE!B:B)), --(FSE!W:W="yes"), --ISNUMBER(SEARCH("Overflow/Underflow", FSE!AA:AA)), --(FSE!AB:AB="") )} -> 0 | N98: {=SUMPRODUCT( --ISNUMBER(SEARCH("_T.c", FSE!B:B)), --(FSE!Y:Y="NO"), --ISNUMBER(SEARCH("Overflow/Underflow", FSE!AA:AA)), --(FSE!AB:AB="") ) + SUMPRODUCT( --ISNUMBER(SEARCH("_NT.c", FSE!B:B)), --(FSE!Y:Y="YES"), --ISNUMBER(SEARCH("Overflow/Underflow", FSE!AA:AA)), --(FSE!AB:AB="") )} -> 4
E99: U | F99: {=SUMPRODUCT(--(FSE!C:C="MAYBE"), --ISNUMBER(SEARCH("Overflow/Underflow", FSE!AA:AA)), --(FSE!AB:AB=""))} -> 0 | G99: {=SUMPRODUCT(--(FSE!K:K="MAYBE"), --ISNUMBER(SEARCH("Overflow/Underflow", FSE!AA:AA)), --(FSE!AB:AB=""))} -> 0 | H99: {=SUMPRODUCT(--(FSE!M:M="MAYBE"), --ISNUMBER(SEARCH("Overflow/Underflow", FSE!AA:AA)), --(FSE!AB:AB=""))} -> 0 | I99: {=SUMPRODUCT(--(FSE!O:O="INCONCLUSIVE"), --ISNUMBER(SEARCH("Overflow/Underflow", FSE!AA:AA)), --(FSE!AB:AB=""))} -> 1 | J99: {=SUMPRODUCT(--(FSE!Q:Q="MAYBE"), --ISNUMBER(SEARCH("Overflow/Underflow", FSE!AA:AA)), --(FSE!AB:AB=""))} -> 7 | K99: {=SUMPRODUCT(--(FSE!S:S="UNKNOWN"), --ISNUMBER(SEARCH("Overflow/Underflow", FSE!AA:AA)), --(FSE!AB:AB=""))} -> 13 | L99: {=SUMPRODUCT(--(FSE!U:U="UNKNOWN"), --ISNUMBER(SEARCH("Overflow/Underflow", FSE!AA:AA)), --(FSE!AB:AB=""))} -> 11 | M99: {=SUMPRODUCT(--(FSE!W:W="unknown"), --ISNUMBER(SEARCH("Overflow/Underflow", FSE!AA:AA)), --(FSE!AB:AB=""))} -> 14 | N99: {=SUMPRODUCT(--(FSE!Y:Y="MAYBE"), --ISNUMBER(SEARCH("Overflow/Underflow", FSE!AA:AA)), --(FSE!AB:AB=""))} -> 0
E100: T | F100: {=SUMPRODUCT(--(FSE!C:C="TIMEOUT"), --ISNUMBER(SEARCH("Overflow/Underflow", FSE!AA:AA)), --(FSE!AB:AB=""))} -> 2 | G100: {=SUMPRODUCT(--(FSE!K:K="TIMEOUT"), --ISNUMBER(SEARCH("Overflow/Underflow", FSE!AA:AA)), --(FSE!AB:AB=""))} -> 7 | H100: {=SUMPRODUCT(--(FSE!M:M="TIMEOUT"), --ISNUMBER(SEARCH("Overflow/Underflow", FSE!AA:AA)), --(FSE!AB:AB=""))} -> 1 | I100: {=SUMPRODUCT(--(FSE!O:O="Terminated"), --ISNUMBER(SEARCH("Overflow/Underflow", FSE!AA:AA)), --(FSE!AB:AB=""))} -> 0 | J100: {=SUMPRODUCT(--(FSE!Q:Q="TIMEOUT"), --ISNUMBER(SEARCH("Overflow/Underflow", FSE!AA:AA)), --(FSE!AB:AB=""))} -> 4 | K100: {=SUMPRODUCT(--(FSE!S:S="TIMEOUT"), --ISNUMBER(SEARCH("Overflow/Underflow", FSE!AA:AA)), --(FSE!AB:AB=""))} -> 3 | L100: {=SUMPRODUCT(--(FSE!U:U="TIMEOUT"), --ISNUMBER(SEARCH("Overflow/Underflow", FSE!AA:AA)), --(FSE!AB:AB=""))} -> 2 | M100: {=SUMPRODUCT(--(FSE!W:W="timeout"), --ISNUMBER(SEARCH("Overflow/Underflow", FSE!AA:AA)), --(FSE!AB:AB=""))} -> 0 | N100: {=SUMPRODUCT(--(FSE!Y:Y="TIMEOUT"), --ISNUMBER(SEARCH("Overflow/Underflow", FSE!AA:AA)), --(FSE!AB:AB=""))} -> 1
E101: E | F101: {=SUMPRODUCT((--((FSE!C:C="ERROR") + (FSE!C:C="OOM ERROR"))), --ISNUMBER(SEARCH("Overflow/Underflow", FSE!AA:AA)), --(FSE!AB:AB=""))} -> 0 | G101: {=SUMPRODUCT((--((FSE!K:K="ERROR") + (FSE!K:K="OOM ERROR"))), --ISNUMBER(SEARCH("Overflow/Underflow", FSE!AA:AA)), --(FSE!AB:AB=""))} -> 0 | H101: {=SUMPRODUCT((--((FSE!M:M="ERROR") + (FSE!M:M="OOM ERROR"))), --ISNUMBER(SEARCH("Overflow/Underflow", FSE!AA:AA)), --(FSE!AB:AB=""))} -> 0 | I101: {=SUMPRODUCT(--(FSE!O:O="INTERNAL-ERROR"), --ISNUMBER(SEARCH("Overflow/Underflow", FSE!AA:AA)), --(FSE!AB:AB=""))} -> 0 | J101: {=SUMPRODUCT(--(FSE!Q:Q="ERROR"), --ISNUMBER(SEARCH("Overflow/Underflow", FSE!AA:AA)), --(FSE!AB:AB=""))} -> 0 | K101: {=SUMPRODUCT(--(FSE!S:S="ERROR"), --ISNUMBER(SEARCH("Overflow/Underflow", FSE!AA:AA)), --(FSE!AB:AB=""))} -> 0 | L101: =SUMPRODUCT(--(FSE!U:U="ERROR"), --ISNUMBER(SEARCH("Overflow/Underflow", FSE!AA:AA)), --(FSE!AB:AB="")) -> 1 | M101: {=SUMPRODUCT(--(FSE!W:W="error"), --ISNUMBER(SEARCH("Overflow/Underflow", FSE!AA:AA)), --(FSE!AB:AB=""))} -> 0 | N101: {=SUMPRODUCT(--(FSE!Y:Y="ERROR"), --ISNUMBER(SEARCH("Overflow/Underflow", FSE!AA:AA)), --(FSE!AB:AB=""))} -> 2
B102: Recursion | D102: {=SUMPRODUCT(--ISNUMBER(SEARCH("Recursion", FSE!AA:AA)), --(FSE!AB:AB=""))} -> 24 | E102: C | F102: {=SUMPRODUCT( --ISNUMBER(SEARCH("_T.c", FSE!B:B)), --(FSE!C:C="YES"), --ISNUMBER(SEARCH("Recursion", FSE!AA:AA)), --(FSE!AB:AB="") ) + SUMPRODUCT( --ISNUMBER(SEARCH("_NT.c", FSE!B:B)), --(FSE!C:C="NO"), --ISNUMBER(SEARCH("Recursion", FSE!AA:AA)), --(FSE!AB:AB="") )} -> 0 | G102: {=SUMPRODUCT( --ISNUMBER(SEARCH("_T.c", FSE!B:B)), --(FSE!K:K="YES"), --ISNUMBER(SEARCH("Recursion", FSE!AA:AA)), --(FSE!AB:AB="") ) + SUMPRODUCT( --ISNUMBER(SEARCH("_NT.c", FSE!B:B)), --(FSE!K:K="NO"), --ISNUMBER(SEARCH("Recursion", FSE!AA:AA)), --(FSE!AB:AB="") )} -> 0 | H102: {=SUMPRODUCT( --ISNUMBER(SEARCH("_T.c", FSE!B:B)), --(FSE!M:M="YES"), --ISNUMBER(SEARCH("Recursion", FSE!AA:AA)), --(FSE!AB:AB="") ) + SUMPRODUCT( --ISNUMBER(SEARCH("_NT.c", FSE!B:B)), --(FSE!M:M="NO"), --ISNUMBER(SEARCH("Recursion", FSE!AA:AA)), --(FSE!AB:AB="") )} -> 0 | I102: {=SUMPRODUCT( --ISNUMBER(SEARCH("_T.c", FSE!B:B)), --(FSE!O:O=TRUE), --ISNUMBER(SEARCH("Recursion", FSE!AA:AA)), --(FSE!AB:AB="") ) + SUMPRODUCT( --ISNUMBER(SEARCH("_NT.c", FSE!B:B)), --(FSE!O:O=FALSE), --ISNUMBER(SEARCH("Recursion", FSE!AA:AA)), --(FSE!AB:AB="") )} -> 9 | J102: {=SUMPRODUCT( --ISNUMBER(SEARCH("_T.c", FSE!B:B)), --(FSE!Q:Q="YES"), --ISNUMBER(SEARCH("Recursion", FSE!AA:AA)), --(FSE!AB:AB="") ) + SUMPRODUCT( --ISNUMBER(SEARCH("_NT.c", FSE!B:B)), --(FSE!Q:Q="NO"), --ISNUMBER(SEARCH("Recursion", FSE!AA:AA)), --(FSE!AB:AB="") )} -> 6 | K102: {=SUMPRODUCT( --ISNUMBER(SEARCH("_T.c", FSE!B:B)), --(FSE!S:S=TRUE), --ISNUMBER(SEARCH("Recursion", FSE!AA:AA)), --(FSE!AB:AB="") ) + SUMPRODUCT( --ISNUMBER(SEARCH("_NT.c", FSE!B:B)), --(FSE!S:S=FALSE), --ISNUMBER(SEARCH("Recursion", FSE!AA:AA)), --(FSE!AB:AB="") )} -> 5 | L102: {=SUMPRODUCT( --ISNUMBER(SEARCH("_T.c", FSE!B:B)), --(FSE!U:U=TRUE), --ISNUMBER(SEARCH("Recursion", FSE!AA:AA)), --(FSE!AB:AB="") ) + SUMPRODUCT( --ISNUMBER(SEARCH("_NT.c", FSE!B:B)), --(FSE!U:U=FALSE), --ISNUMBER(SEARCH("Recursion", FSE!AA:AA)), --(FSE!AB:AB="") )} -> 2 | M102: {=SUMPRODUCT( --ISNUMBER(SEARCH("_T.c", FSE!B:B)), --(FSE!W:W="yes"), --ISNUMBER(SEARCH("Recursion", FSE!AA:AA)), --(FSE!AB:AB="") ) + SUMPRODUCT( --ISNUMBER(SEARCH("_NT.c", FSE!B:B)), --(FSE!W:W="no"), --ISNUMBER(SEARCH("Recursion", FSE!AA:AA)), --(FSE!AB:AB="") )} -> 3 | N102: {=SUMPRODUCT( --ISNUMBER(SEARCH("_T.c", FSE!B:B)), --(FSE!Y:Y="YES"), --ISNUMBER(SEARCH("Recursion", FSE!AA:AA)), --(FSE!AB:AB="") ) + SUMPRODUCT( --ISNUMBER(SEARCH("_NT.c", FSE!B:B)), --(FSE!Y:Y="NO"), --ISNUMBER(SEARCH("Recursion", FSE!AA:AA)), --(FSE!AB:AB="") )} -> 11
E103: W | F103: {=SUMPRODUCT( --ISNUMBER(SEARCH("_T.c", FSE!B:B)), --(FSE!C:C="NO"), --ISNUMBER(SEARCH("Recursion", FSE!AA:AA)), --(FSE!AB:AB="") ) + SUMPRODUCT( --ISNUMBER(SEARCH("_NT.c", FSE!B:B)), --(FSE!C:C="YES"), --ISNUMBER(SEARCH("Recursion", FSE!AA:AA)), --(FSE!AB:AB="") )} -> 0 | G103: {=SUMPRODUCT( --ISNUMBER(SEARCH("_T.c", FSE!B:B)), --(FSE!K:K="NO"), --ISNUMBER(SEARCH("Recursion", FSE!AA:AA)), --(FSE!AB:AB="") ) + SUMPRODUCT( --ISNUMBER(SEARCH("_NT.c", FSE!B:B)), --(FSE!K:K="YES"), --ISNUMBER(SEARCH("Recursion", FSE!AA:AA)), --(FSE!AB:AB="") )} -> 0 | H103: {=SUMPRODUCT( --ISNUMBER(SEARCH("_T.c", FSE!B:B)), --(FSE!M:M="NO"), --ISNUMBER(SEARCH("Recursion", FSE!AA:AA)), --(FSE!AB:AB="") ) + SUMPRODUCT( --ISNUMBER(SEARCH("_NT.c", FSE!B:B)), --(FSE!M:M="YES"), --ISNUMBER(SEARCH("Recursion", FSE!AA:AA)), --(FSE!AB:AB="") )} -> 0 | I103: {=SUMPRODUCT( --ISNUMBER(SEARCH("_T.c", FSE!B:B)), --(FSE!O:O=FALSE), --ISNUMBER(SEARCH("Recursion", FSE!AA:AA)), --(FSE!AB:AB="") ) + SUMPRODUCT( --ISNUMBER(SEARCH("_NT.c", FSE!B:B)), --(FSE!O:O=TRUE), --ISNUMBER(SEARCH("Recursion", FSE!AA:AA)), --(FSE!AB:AB="") )} -> 1 | J103: {=SUMPRODUCT( --ISNUMBER(SEARCH("_T.c", FSE!B:B)), --(FSE!Q:Q="NO"), --ISNUMBER(SEARCH("Recursion", FSE!AA:AA)), --(FSE!AB:AB="") ) + SUMPRODUCT( --ISNUMBER(SEARCH("_NT.c", FSE!B:B)), --(FSE!Q:Q="YES"), --ISNUMBER(SEARCH("Recursion", FSE!AA:AA)), --(FSE!AB:AB="") )} -> 0 | K103: {=SUMPRODUCT( --ISNUMBER(SEARCH("_T.c", FSE!B:B)), --(FSE!S:S=FALSE), --ISNUMBER(SEARCH("Recursion", FSE!AA:AA)), --(FSE!AB:AB="") ) + SUMPRODUCT( --ISNUMBER(SEARCH("_NT.c", FSE!B:B)), --(FSE!S:S=TRUE), --ISNUMBER(SEARCH("Recursion", FSE!AA:AA)), --(FSE!AB:AB="") )} -> 0 | L103: {=SUMPRODUCT( --ISNUMBER(SEARCH("_T.c", FSE!B:B)), --(FSE!U:U=FALSE), --ISNUMBER(SEARCH("Recursion", FSE!AA:AA)), --(FSE!AB:AB="") ) + SUMPRODUCT( --ISNUMBER(SEARCH("_NT.c", FSE!B:B)), --(FSE!U:U=TRUE), --ISNUMBER(SEARCH("Recursion", FSE!AA:AA)), --(FSE!AB:AB="") )} -> 0 | M103: {=SUMPRODUCT( --ISNUMBER(SEARCH("_T.c", FSE!B:B)), --(FSE!W:W="no"), --ISNUMBER(SEARCH("Recursion", FSE!AA:AA)), --(FSE!AB:AB="") ) + SUMPRODUCT( --ISNUMBER(SEARCH("_NT.c", FSE!B:B)), --(FSE!W:W="yes"), --ISNUMBER(SEARCH("Recursion", FSE!AA:AA)), --(FSE!AB:AB="") )} -> 2 | N103: {=SUMPRODUCT( --ISNUMBER(SEARCH("_T.c", FSE!B:B)), --(FSE!Y:Y="NO"), --ISNUMBER(SEARCH("Recursion", FSE!AA:AA)), --(FSE!AB:AB="") ) + SUMPRODUCT( --ISNUMBER(SEARCH("_NT.c", FSE!B:B)), --(FSE!Y:Y="YES"), --ISNUMBER(SEARCH("Recursion", FSE!AA:AA)), --(FSE!AB:AB="") )} -> 11
E104: U | F104: {=SUMPRODUCT(--(FSE!C:C="MAYBE"), --ISNUMBER(SEARCH("Recursion", FSE!AA:AA)), --(FSE!AB:AB=""))} -> 24 | G104: {=SUMPRODUCT(--(FSE!K:K="MAYBE"), --ISNUMBER(SEARCH("Recursion", FSE!AA:AA)), --(FSE!AB:AB=""))} -> 24 | H104: {=SUMPRODUCT(--(FSE!M:M="MAYBE"), --ISNUMBER(SEARCH("Recursion", FSE!AA:AA)), --(FSE!AB:AB=""))} -> 24 | I104: {=SUMPRODUCT(--(FSE!O:O="INCONCLUSIVE"), --ISNUMBER(SEARCH("Recursion", FSE!AA:AA)), --(FSE!AB:AB=""))} -> 14 | J104: {=SUMPRODUCT(--(FSE!Q:Q="MAYBE"), --ISNUMBER(SEARCH("Recursion", FSE!AA:AA)), --(FSE!AB:AB=""))} -> 18 | K104: {=SUMPRODUCT(--(FSE!S:S="UNKNOWN"), --ISNUMBER(SEARCH("Recursion", FSE!AA:AA)), --(FSE!AB:AB=""))} -> 17 | L104: {=SUMPRODUCT(--(FSE!U:U="UNKNOWN"), --ISNUMBER(SEARCH("Recursion", FSE!AA:AA)), --(FSE!AB:AB=""))} -> 2 | M104: {=SUMPRODUCT(--(FSE!W:W="unknown"), --ISNUMBER(SEARCH("Recursion", FSE!AA:AA)), --(FSE!AB:AB=""))} -> 0 | N104: {=SUMPRODUCT(--(FSE!Y:Y="MAYBE"), --ISNUMBER(SEARCH("Recursion", FSE!AA:AA)), --(FSE!AB:AB=""))} -> 0
E105: T | F105: {=SUMPRODUCT(--(FSE!C:C="TIMEOUT"), --ISNUMBER(SEARCH("Recursion", FSE!AA:AA)), --(FSE!AB:AB=""))} -> 0 | G105: {=SUMPRODUCT(--(FSE!K:K="TIMEOUT"), --ISNUMBER(SEARCH("Recursion", FSE!AA:AA)), --(FSE!AB:AB=""))} -> 0 | H105: {=SUMPRODUCT(--(FSE!M:M="TIMEOUT"), --ISNUMBER(SEARCH("Recursion", FSE!AA:AA)), --(FSE!AB:AB=""))} -> 0 | I105: {=SUMPRODUCT(--(FSE!O:O="Terminated"), --ISNUMBER(SEARCH("Recursion", FSE!AA:AA)), --(FSE!AB:AB=""))} -> 0 | J105: {=SUMPRODUCT(--(FSE!Q:Q="TIMEOUT"), --ISNUMBER(SEARCH("Recursion", FSE!AA:AA)), --(FSE!AB:AB=""))} -> 0 | K105: {=SUMPRODUCT(--(FSE!S:S="TIMEOUT"), --ISNUMBER(SEARCH("Recursion", FSE!AA:AA)), --(FSE!AB:AB=""))} -> 0 | L105: {=SUMPRODUCT(--(FSE!U:U="TIMEOUT"), --ISNUMBER(SEARCH("Recursion", FSE!AA:AA)), --(FSE!AB:AB=""))} -> 0 | M105: {=SUMPRODUCT(--(FSE!W:W="timeout"), --ISNUMBER(SEARCH("Recursion", FSE!AA:AA)), --(FSE!AB:AB=""))} -> 0 | N105: {=SUMPRODUCT(--(FSE!Y:Y="TIMEOUT"), --ISNUMBER(SEARCH("Recursion", FSE!AA:AA)), --(FSE!AB:AB=""))} -> 0
E106: E | F106: {=SUMPRODUCT((--((FSE!C:C="ERROR") + (FSE!C:C="OOM ERROR"))), --ISNUMBER(SEARCH("Recursion", FSE!AA:AA)), --(FSE!AB:AB=""))} -> 0 | G106: {=SUMPRODUCT((--((FSE!K:K="ERROR") + (FSE!K:K="OOM ERROR"))), --ISNUMBER(SEARCH("Recursion", FSE!AA:AA)), --(FSE!AB:AB=""))} -> 0 | H106: {=SUMPRODUCT((--((FSE!M:M="ERROR") + (FSE!M:M="OOM ERROR"))), --ISNUMBER(SEARCH("Recursion", FSE!AA:AA)), --(FSE!AB:AB=""))} -> 0 | I106: {=SUMPRODUCT(--(FSE!O:O="INTERNAL-ERROR"), --ISNUMBER(SEARCH("Recursion", FSE!AA:AA)), --(FSE!AB:AB=""))} -> 0 | J106: {=SUMPRODUCT(--(FSE!Q:Q="ERROR"), --ISNUMBER(SEARCH("Recursion", FSE!AA:AA)), --(FSE!AB:AB=""))} -> 0 | K106: {=SUMPRODUCT(--(FSE!S:S="ERROR"), --ISNUMBER(SEARCH("Recursion", FSE!AA:AA)), --(FSE!AB:AB=""))} -> 2 | L106: {=SUMPRODUCT(--(FSE!U:U="ERROR"), --ISNUMBER(SEARCH("Recursion", FSE!AA:AA)), --(FSE!AB:AB=""))} -> 20 | M106: {=SUMPRODUCT(--(FSE!W:W="error"), --ISNUMBER(SEARCH("Recursion", FSE!AA:AA)), --(FSE!AB:AB=""))} -> 19 | N106: {=SUMPRODUCT(--(FSE!Y:Y="ERROR"), --ISNUMBER(SEARCH("Recursion", FSE!AA:AA)), --(FSE!AB:AB=""))} -> 2
B107: Total | D107: =SUM(D77,D82,D87,D92,D97,D102) -> 91 | E107: C | F107: =SUM(F77,F82,F87,F92,F97,F102) -> 38 | G107: =SUM(G77,G82,G87,G92,G97,G102) -> 25 | H107: =SUM(H77,H82,H87,H92,H97,H102) -> 41 | I107: =SUM(I77,I82,I87,I92,I97,I102) -> 52 | J107: =SUM(J77,J82,J87,J92,J97,J102) -> 17 | K107: =SUM(K77,K82,K87,K92,K97,K102) -> 28 | L107: =SUM(L77,L82,L87,L92,L97,L102) -> 7 | M107: =SUM(M77,M82,M87,M92,M97,M102) -> 17 | N107: =SUM(N77,N82,N87,N92,N97,N102) -> 43
E108: W | F108: =SUM(F78,F83,F88,F93,F98,F103) -> 0 | G108: =SUM(G78,G83,G88,G93,G98,G103) -> 0 | H108: =SUM(H78,H83,H88,H93,H98,H103) -> 0 | I108: =SUM(I78,I83,I88,I93,I98,I103) -> 11 | J108: =SUM(J78,J83,J88,J93,J98,J103) -> 3 | K108: =SUM(K78,K83,K88,K93,K98,K103) -> 0 | L108: =SUM(L78,L83,L88,L93,L98,L103) -> 4 | M108: =SUM(M78,M83,M88,M93,M98,M103) -> 2 | N108: =SUM(N78,N83,N88,N93,N98,N103) -> 27
E109: U | F109: =SUM(F79,F84,F89,F94,F99,F104) -> 24 | G109: =SUM(G79,G84,G89,G94,G99,G104) -> 24 | H109: =SUM(H79,H84,H89,H94,H99,H104) -> 24 | I109: =SUM(I79,I84,I89,I94,I99,I104) -> 28 | J109: =SUM(J79,J84,J89,J94,J99,J104) -> 65 | K109: =SUM(K79,K84,K89,K94,K99,K104) -> 38 | L109: =SUM(L79,L84,L89,L94,L99,L104) -> 43 | M109: =SUM(M79,M84,M89,M94,M99,M104) -> 49 | N109: =SUM(N79,N84,N89,N94,N99,N104) -> 0
...
